id,unknownEntities
83dcefb7,趣步公司;趣步app;http://m.weibo.cn/7170544478/4378128946619779
1ad5be0d,伙伴领域资本旗下专业助贷平台;80%
6dd28e9b,联讯证券股权;金融集团;知识城证券股份有限公司;客户中心;广州开发区金融控股集团有限公司;证券业务平台;联讯证券股份有限公司;47.24%;4.88%;15.03%;22.52%;4.81%;47.24%
f3b61b38,银行理财;投资品国民投资理财;互联网理财;国民投资理财;黄金投资理财;大类投资理财;投资理财;《报告》;《2019年上半年国民投资理财情绪指数报告》;3%
84b12bae,行业开放式数据应用平台;信物联网设备联盟;中心化应用平台
1db87a14,瑞联盟;创业平台;http://t.cn/RcFhTKH
6abf4a82,外汇公司;22%;21%;21%;19%;20%
fa005713,海外运营中心
8d076785,实在话云联惠平台;王府井百货平台;http://m.weibo.cn/7088305296/4397669470497971;16%
a15d25e1,人人公司;线下财富中心;互联网财富管理云;水星股权
d65a1577,客户中心;全球科技平台;中小企业出口金融服务平台
4f5344cd,券商活期理财;QCMG理财;10%
3854745b,米袋理财;http://m.weibo.cn/1100458187/4286854813279394
a630e1f8,电商平台;92%
d137d16e,
483e80d4,信用贷款平台;互联网贷款平台
3f39b042,宠物街app;http://t.cn/AiCYxGpF;《区块链3d宠物抢购派特宠物街app源码开发》
af86add3,产业链公司;《西游记之大圣归来》;《保持沉默》;《哪吒之魔童降世》;《攀登者》;《疯狂动物城》;《姜子牙》;《友情以上》;《铤而走险》;《哪吒》;《大圣归来》;《流浪地球》;60%;85%;60%;85%
d8819d45,http://m.weibo.cn/5449800598/4396823433505805
8a707622,利利金服公司;万豪中心;资产管理有限公司;互联网金融平台;城市中心;CBD核心商务区东二环商务区北京万豪中心;建设运营互联网金融平台
fd7746b4,
647e170e,贷款口子网贷平台;分期app;9%;15%
13792798,珠海横琴爱姆斯坦生物科技有限公司;港澳跨境企业投平台;珠海市横琴中心;干细胞研发中心;珠海金创实业有限公司;大力发展云;开发商珠海金创实业有限公司
8d1db23b,瓜分宝app;瓜分宝苏州运营中心
fa1a82ad,CHP城市猎人平台;2.5%;10%;10%
6313d317,投资理财
1414e381,黄金时时彩app
84abfe10,贷款平台;贷款公司;分期app
f3acce86,国际大牌新国货平台;苏宁投资集团;电商平台
936b4763,16%;0%
e46c77f5,
7d65264f,精灵平台;80%
0a6216d9,https://app.10086.cn/3fd6Dc
9406837a,投资理财;高额投资平台;投资平台
e301b3ec,
7a08e256,泰国LX理财;罗宾逊股份有限公司;出售股份时平台;金融商业集团;金币平台;金融理财;全球金融理财;30%;25%;50%;52%;54%;56%;58%;60%;6%;7%;8%;9%;10%;10%;6%;7%;8%;9%;10%;12%;2%;3%;4%;5%;5%;5%;0.5%;0.5%;0.5%;0.5%;0.5%;0.5%;100%;100%;100%;100%;100%;100%;100%;25%;10%;90%;65%;90%;30%;90%;5%;10%
0d0fd2c0,网贷之家;PPmoney网贷平台;网贷平台;《2019年5月P2P网贷评级TOP60排行榜》
9db0cf51,
eab7ffc7,贷款平台;小贷公司;0.72%;10%
dc2ad1a4,
ab2de132,集市平台;金融理财;6%;35%;6%;35%
3224b088,信息科技有限公司
4523801e,
db4715bd,广州市创鑫软件科技有限公司
ac40252b,捷豹时时彩app
35497491,metatrader4外汇交易平台
424e4407,
d2f15996,FCA平台;https://v.qq.com/x/page;《国际财经高峰论坛》
a5f66900,众筹平台;天农集团;产业发展模式天农集团
c531e0e5,外汇公司;经营骗子平台;监管平台;经营外汇保证金业务资质国外骗子公司;错盈利虚拟盘黄金指导老师骗人平台;受害人平台;领金融平台;新西兰公司;20%
b236d073,http://t.cn/Ai02IRyc;《柬中时报》
2b3f81c9,综合实力平台
5c38b15f,支付现金方式向光正集团;信息技术集团股份有限公司;青岛盈科汇金投资管理有限公司;有关股权;盈科汇金部分股权;进展三木集团;三木集团;标的公司;产业股权;北京赛博兴安科技有限公司;《股权转让合同》;《营业执照》;51.00%;51.00%;49.00%;100%;10%;10%;100%;10%;100%;50.5038%;50.5038%;50.5038%;50.5038%;4.98%;4.98%;4.98%;100%
c25c24fc,上海黄金交易所;合法平台;黄金交易所;入金平台;黄金交易交易所;时汇创富外汇平台;上海期货交易所;投资公司;黄金平台;时汇创富平台;交易黄金平台;违法违规现货黄金外汇交易平台;《中国人民银行公安部工商总局银监会证监会关于加强黄金交易所或从事黄金交易平台管理的通知》
b55b146a,实体店公司;消费商公司;2%;5%;8%;10%;1%;10%;5%;5%;2%;70%;30%
2c5245d0,
5b557546,
cbea68d7,android终端;财富管理公司;ios终端;金诚集团;http://himg2.huanqiu.com/comment/js;《金刚经》
bced5841,分润股权;正确理解公司;10%;10%;4%;15%;5%;50203015%;250020305%;5%;3%;2%;2%;5%;100005%;100002%
ee1cb326,
991b83b0,电商平台;模式创业平台;60%;100%;60%;100%;12%;32%
0012d20a,
7715e29c,诈骗平台
e971773f,
9e7647a9,资产管理有限公司;控股集团有限公司;农农业科技有限公司;9.6%
077f1613,世界SW理财;金SW理财;SW理财;世界SP交易所
70782685,
e0c73b14,合规平台;富赢平台;不法平台;个别平台;70%
97c00b82,客户中心;数字化云;开放式平台;60%
f7078267,
8000b2f1,海象理财
1909e34b,系统平台;行业领先投资管理制度体系系统平台;金牛基金管理公司;制度特点核心业务系统平台;基金经理基金公司;企业级投资管理系统平台;647%;13%;121%;61%;17%;17%;12%;7%;10%
6e0ed3dd,
f06a467e,
876d76e8,http://m.weibo.cn/6520163268/4251599557357955
1e642752,楼湖北中楚建设工程咨询有限公司;湖北中楚建设工程咨询有限公司;上海中招招标有限公司;石狮市水务建设工程有限公司;招投标有限公司;广东华禹工程咨询有限公司;咨询有限公司;灯镇旅游发展有限公司;《AquacultureandFisheries》
696317c4,贵公司
f9dc0a55,智家平台;智家网站平台;微信公众平台;手机终端;微信平台;营销公司;免费微信公众平台
8edb3ac3,http://m.weibo.cn/5983590695/4397973947072363
709f9ea8,
0798ae3e,
9e91ff84,商天富投资发展有限公司;综合型产业公司;新疆天富集团;60%
e996cf12,杭州辰展网络科技有限公司;http://m.weibo.cn/6422202213/4362363002061837
77f25ab1,旗下重庆标远科技公司;家家惠股权;合法基金理财;全民盈利投资平台;国际性企业教育信息交流平台
00f56a27,
99fc3b9d,路平台
eefb0b0b,中国青旅集团;旗下吉林青旅投资管理公司;吉林省政府中国青旅集团
7e44169a,http://t.cn/RJy6LSg
0943260c,个人中心
6984afe9,
1e839f7f,投理财
878acec5,PT金融理财;120%
f08dfe53,http://t.cn/ExOGh4K
6ee96bf0,投资理财;悟空理财
19ee5b66,BKB平台;散户联盟;曝光平台;DGINTD平台;国内外汇投资公司;代理平台;HDI平台;黑平台;BitKoc平台;外汇投资公司;融通宝hei平台
80e70adc,面向服务区块链平台;加密货币交易所
f7e03a4a,奥美集团
675f27db,
1058174d,联贝德区块链应用公众平台;联贝德研发中心;http://m.weibo.cn/6357578684/4265696147550747
237750ea,中心化钱包交易所;通证经济分布式算力资产平台;收益平台;HASHBOX平台;6%;3%
5470607c,利宝平台;高手平台;危平台;信贷平台;https://www.rjs.com/index
cd7931c6,
ba7e0150,http://m.weibo.cn/2850169972/4395397877159604
241a94f3,微银理财
531da465,个人中心;数量平台;前提平台;5%;5%;20%;20%;25%;15%;25%;10%;20%;5%;100%
ca14f5df,
bd13c549,ICP电信经营许可证平台;物业集团;四大条件平台;ICP许可证网贷信息中介平台;规定网贷平台;物业管理公司;物业管理有限公司;网贷平台;《网络借贷信息中介机构业务活动管理暂行办法》
2dacd8d8,
5aabe84e,
3a6c61ab,众牧宝理财;信徒理财
4d6b513d,LONSHI平台;http://t.cn/Ex6ARRY
d4620087,Ambertime区块链平台;区块链教育资源共享平台;中心化平台;区块链平台;Ambertime平台;互联网教育资源共享平台;旅行产品平台;开放平台区块链教育资源共享平台
a3653011,bedafx百达汇黑平台
3d01a5b2,
4a069524,《富爸爸和穷爸爸》
d30fc49e,流氓本色平台;江苏车贷平台;网贷之家;沃时贷平台
a408f408,致力于金融服务专业公司;投资理财;老平台;6%;12%
34b7e999,贷款平台;钱镜平台;钱镜app;5%
43b0d90f,上海黄金交易所
11413268,岛城市建设投资集团;互联网金融平台;投资理财
664602fe,10.58%;11.86%;11.19%;2.09%;1.78%;5.97%;5.48%;0.49%;3.39%;0.41%;31.23%;30.07%;25.98%;32.46%;30.77%;22.15%;15.49%;26.22%;10.42%;23.71%
ff4f5344,彩虹学院分销平台;30%
884863d2,通行主体运营公司;媒体中心;花加平台;北京互联网公司;科技有限公司;3.5%;3.042%;3.3462%;49%;83.84%
162cf671,95%
612bc6e7,亚太中心
f822975d,lfwq315曝光平台;监管黑平台
8f25a7cb,数字资产理财;币客平台;36%;50%;36%
1f9aba5a,工厂底价自营商城购物创业平台;优惠功能奖励福利强势平台;电商平台
689d8acc,
085a0329,矿机理财;博文托富链商城平台;托富链区块链TFC数字货币平台;《即托富币》
7f5d33bf,曝光平台;贝通国际平台;直播平台;受害人平台;85%;20%;30%
e6546205,5%;3%;2%;10%;3%;2%;10%;70%;30%
91535293,投资平台;国际平台
0f37c730,全球领先外汇交易平台
7830f7a6,上海黄金交易所;维权平台;黄金交易所;曝光平台;华安策略平台;上海期货交易所;商品期货交易所;资质违法平台;证券交易所;八大交易所;金融期货交易所;中国金融期货交易所
e139a61c,创业公司;客车制造商宇通集团;管理公司;《母基金周刊》;《跳着踢踏舞去上班》;15%;70%
963e968a,金融投资理财;精英投资理财;高风险投资收益投资理财;投资理财;深圳爱乐投资有限公司;同类投资理财
06818b1b,民间偏方北京中泽鑫盛投资有限公司;基金公司;沃亚公司;基金理财;1.7%
7186bb8d,easyMarkets平台;信赖交易所;移动平台;MT4平台
471b95ee,IT新闻微信公众平台
301ca578,REC集团;REC另类资产交易所
a915f4c2,http://t.cn/Ai0e1G2G;《H5版霸屏天下源码微信朋友圈任务分享自动赚钱源码全开源》
de12c454,程旺金融理财;银行T0理财
407651f7,金融集团
37716161,财富管理有限公司;米融马甲平台;P2P平台;0%;7%;0%;9%;9%;7%;94%
ae7830db,北京信汇盈投资有限公司;8%;10%;20%;30%;14%
d97f004d,
49c01ddc,鼻祖SMI公司;MBI公司;100%;40%
3ec72d4a,STG平台;环球交易平台香港外汇交易平台;商品交易中心;境外金融集团;cresco平台;贵州国际商品交易中心;交易平台深圳办公场所;外汇交易平台;bao光平台
5e00a4af,聊天平台;数字资产借贷理财;DAPPBossToken平台;交易钱包平台;钱包公司;砖理财;钱包用户资产理财;BossTokenBossToken安卓app;人民币资产管理平台;BossToken平台;BossToken苹果app
29079439,
b00ec583,东方银谷总裁孙敏荣膺互金诚信联盟;互金诚信联盟;总裁孙敏荣膺互金诚信联盟;iTrust互联网金融网络诚信联盟;荣膺互金诚信联盟;企业平台;iTrust诚信联盟
c709f515,贷款平台;京东金条平台;借款平台;额度京东金条平台
596d60b6,
2e6a5020,
b763019a,外汇平台
c064310c,锦田集团;牛牛通宝旗下深圳市鑫通宝区块链网络科技有限公司;经济平台;广东锦田集团;深圳智道品牌管理有限公司
50db2c9d,火币交易所;老外联合国内顶级交易所;600%
27dc1c0b,经典平台;http://m.weibo.cn/5742800118/4391503789141704
752df76c,法国巴莎夫化妆品国际集团;民族品牌旗下平台;VKmall法国巴莎夫化妆品国际集团;3%
022ac7fa,
9b239640,科技有限公司
ec24a6d6,旗下三大投资平台;http://www.yy.com/31081876HIIFX;53%;30%;0.10%;5%;15%
72403375,GreatProfitGlobalLimited投资平台;互联网平台;网络投资理财;投资理财;金融理财
054703e3,
9c4e5259,
eb4962cf,资产管理有限公司
7bf67f5e,美国芝加哥商业交易所;基金平台;老师团队利用公司;芝加哥商业交易所;期货公司
0cf14fc8,外汇公司;资金平台;个别平台;对方平台;30%
6c36c62d,Exchain交易所;100%;100%;100%
1b31f6bb,投资平台;http://t.cn/EXoXzAO
8238a701,误导平台;预警平台;酷盈网平台;曝光平台;普汇云通标的展期平台;野鸡平台;时光金库平台;众力金融假风投预警平台;路平台;中融民信平台;普汇云通平台;众力金融平台;https://www.zhonglijinrong.cn/tinvest/ind;https://www.phyt88.com/v3/notice;36%;36%;24%;36%
f53f9797,科技有限公司;SM理财;新零售平台;0.5%
6b5b0234,http://t.cn/ReLXyMs
1c5c32a2,90%;40%
85556318,曝光平台;受害人平台;70%;86%;68%;93%
f252538e,贷款平台;小贷公司;0.72%;10%
62ed4e1f,曝光平台;商品交易中心
15ea7e89,国内领先理财;规范理财;抽点时间合理理财;用户资金平台;互联网金融理财
ebaedae2,投资理财;100%
9ca9ea74,财富中心;西安鑫突破网络科技有限公司;http://t.cn/z8AO0hW
05a0bbce,胜威国际集团;币公司;柬埔寨金边钻石岛会议中心;2%;2%
72a78b58,小时平台
ecc31efb,
9bc42e6d,
02cd7fd7,牛业股份有限公司;直播平台;三板公司
75ca4f41,盾安控股集团有限公司;旗下投资公司;技术有限公司;环保科技公司;山汇金资本管理有限公司;股东中国电子信息产业集团;系统有限公司;盾安集团;人均盾安集团;成长性企业股权;科技有限公司;100%;50.24%;29.50%;31.68%;8.69%;20%;27.9%;19.6%;60%
e57552d0,南京银行股份有限公司
92726246,凯石集团;艾克国际平台
f2b5eba3,统一信息平台;领域公司;《全球酒行业区块链技术防伪溯源研讨会暨酒业链WINECHAIN发布会》;《2018年中国区块链产业发展白皮书》
85b2db35,合约平台;10%;20%;80%;99.99%
1cbb8a8f,数字资产理财;Vtoken交易所;传统金融机构互联网公司;朋友VTOKEN交易所;VToken交易所;中心化交易所
6bbcba19,《卓恒影视》;《西虹市首富》;《我不是药神》;31.5%;36.2%;48.7%;3.73%;3000%;1963%
f5d82fba,《alpari爱福瑞国际知名外汇交易商》
82df1f2c,外汇投资理财
1bd64e96,
6cd17e00,
fc6e6391,景区公园文化中心;天狮创业联盟;国际化企业天狮集团;人世界康体中心
8b695307,
2131eeb3,时期理财;投资理财;目标理财
5636de25,http://m.weibo.cn/1760415841/4267054409712351
cf3f8f9f,头部交易所;上线CEO交易所;上线世界级交易所;Coinyee交易所;80%
b838bf09,投资平台
265c2aaa,综合实力平台
515b1a3c,
c8524b86,
bf557b10,
2fea6681,技术综合互联网金融服务平台;信息中介平台;《信息披露制度》
58ed5617,中心化交易所;DEX合约平台;服务交易所;Token公司
382adff2,山屿海集团;投鸟平台;渠道平台;互联网金融信息平台;家庭消费金融平台
4f2def64,海象理财
d624bede,中介平台;中心化云;存储平台;审查平台
a1238e48,
3f471beb,非上市公司;优信集团
48402b7d,产业链东霖国际集团;券商平台;东霖国际集团;http://m.weibo.cn/5605220114/4261934846933696
d1497ac7,http://t.cn/8kwpkMz;18%;26%
a64e4a51,名品市场推广中心;国商汇达资产管理有限公司;微信公众平台;资产管理有限公司;国商金控投资有限公司;网平台;四川省国投矿业资产交易有限公司;12%;16%;51%;49%;100%;100%;100%;35%
36f157c0,监管平台;BLMarkets外汇平台
41f66756,电影项目盈利投资平台;《战狼2》;《煎饼侠》;《西游记之大圣归来》;《捉妖记》;《美人鱼》;《北京遇上西雅图之不二情书》;《厨子戏子痞子》;《卓恒影视》;《大圣归来》;《全民目击》;《战狼》;《泰囧》;2326%;1312%;1366%;6466%;2400%;696%;1130%;2814%;1810%;2455%
13078c31,花app;信用贷款平台;互联网贷款平台
6400bca7,思考乐产品中心;产品中心;《2018年K12教育用户群体研究报告》;4%;10%
fd09ed1d,4.2625%;4.2625%
8a0edd8b,钱程策略股票配资平台
146a4828,黄金平台;人们投资理财
636d78be,产品寄放在易商通平台;易商通平台;https://itunes.apple.com/cn/app;http://naosie.com/Upload/app;20%
fa642904,5%
8d631992,客户中心;全资公司;昆仑国际环球资本有限公司;跨境电商贸易公司;1%
1ddc0403,链技术联盟;战略联盟;花瓣平台;https://915.im/IsXfV32;https://915.im/RjPqCz5;https://915.im/MhznbQ;400%;0.44%;0.87%;2.54%;3.24%
6adb3495,http://t.cn/Ryh0uRH
0a1cbd70,1%;99%;99%;1%
7d1b8de6,假平台;虚构平台;秘黑平台
e412dc5c,
9315ecca,一体电商平台;销售电商平台;系统公司;农场app;1%;30%;13%;30%;10%;1%;1%;15%;23%
0d717969,
7a7649ff,任务中心;高质量内容平台
e37f1845,创峰集团;万銮国际有限公司;单方案合作公司;万銮国际中国区运营中心;html创峰CEOAlex和万銮集团;联系公司;https://www.fxmillion.com/about/event;《郭富城》;《金道贵金属》;25%;30%;30%;3%;10%;70%;30%;10.21%;10.21%;12.85%;14.35%;10.24%;16.39%;11.4%;8%;4%;5%;7%;94%;5%;5%;90%;4%;4%;6%;98%;93%;5%;95%;86%;5%;90%;5%
947828d3,
04c73542,中国投资理财;融合投资有限公司;100%
73c005d4,全民外贸平台;全公司;贸易有限公司;投资理财;背景全民外贸平台;《售后承诺书》;《服务模式公告》;1.2%
455d2bb7,贷款平台;小贷公司;0.72%;10%
325a1b21,
ab534a9b,靠谱平台;投资平台;网贷平台;互金平台;3%;13%
dc547a0d,
4230efae,规范平台;规范发展物权众筹平台;农众筹物权众筹平台;农众筹平台;物权众筹平台;规范物权众筹平台;农众筹专业物筹平台
3537df38,
ac3e8e82,喜牛app;5%;8%;50%;30%;30%
db39be14,
4b86a385,影视文化门户平台;美缘影视理财;专业互联网影视投资平台;产业链平台;票务系统院线管理互联网平台;部分股权;《战狼2》;4.25%;4.25%
3c819313,福建泉州惠家食品有限公司;个人中心
5c461af6,购物平台;1.5%;1.96%;0.4%;6%;2.7%
2b412a60,付鑫联盟;大众金融创业平台;创业梦想鑫联盟;鑫联盟
b2487bda,
c54f4b4c,金融平台;利用网络平台;海银金融控股集团有限公司;85%;79%
5b2bdeef,
2c2cee79,
b525bfc3,
c2228f55,贷款平台;《华云网》
529d92c4,个别平台
259aa252,金融理财;学会理财;15%
776b4935,世界一流外汇投资平台
006c79a3,花瓣平台
99652819,阿币Mmcoin平台;传统平台
ee62188f,
70068d2c,https://github.com/meet
0701bdba,投资理财;SKY云
9e08ec00,
e90fdc96,创造财富平台;钱平台;DEC平台;1%;1.8%;100%;90%;6%;100%
79b0c107,
0eb7f191,晋江运营中心;珍菌堂公司;晋江八仙山运营中心;福建珍菌堂生物科技有限公司;福建珍菌堂公司;运营中心;科技有限公司;厦门珍菌堂进出口贸易有限公司;《食品经营许可证》
6e707874,70%
197748e2,
807e1958,移动理财;定期理财;中国老百姓理财;资本投资公司;互联网理财;老百姓理财;中国理财;保险理财;技术平台;投资有限公司
f77929ce,广州泛舟信息科技有限公司;电子借条平台;95%;300%;1000%
691dbc6d,博旅平台;博旅理财;国内领先社会化媒体资金测试平台;澳门平台;43%;8%;10%;1.4%;3.5%
1e1a8cfb,
8713dd41,
f014edd7,
60abf046,个人中心;销售中心;电商平台;活动平台;好友中心;物业中心;评论新闻中心;《信阳手机报》;10%;10%;10%;10%;10%;15%;20%;25%;30%;35%;40%;50%;10%;2%;5%
17acc0d0,eightcap澳洲易汇外汇平台
e9e864bb,招商平台
9eef542d,
07e60597,http://t.cn/AiKfALA0
70e13501,订货台数刷卡T1结算价云;0.5%;0.60%;0.55%;0.5%;0.52%;0.50%;0.5%;30%;20%;10%
ee85a0a2,业务中心;世界顶级海外保险集团;润泽国际集团;润泽国际家族财富管理集团
99829034,
008bc18e,http://t.cn/EJ2dvbz
778cf118,天使阶段工品B2B公司;头部公司;消费公司;赢面公司;toB公司;投公司;100%;80%;35%;1%;10%;30%
e733ec89,交易投资平台;字画交易投资平台
9034dc1f,Token智能云;http://m.weibo.cn/7181069843/4395517003592452
f0f355fa,360%
87f4656c,借款信息app;0.02%
1efd34d6,外汇经纪公司;PTFX公司;PTFX外汇投资理财;10%;2%;10%;1%;2%;0.5%;10%;70%;15%;15%;10%;5%;10%;18%;15%;2%;1%;2%;0.5%;10%
69fa0440,基金会Etoken投资理财;Etoken基金会投资理财;http://t.cn/EIvM5gE;《Etoken基金会投资理财分红模式开发》
f79e91e3,全网平台;《遥远的救世主》;93%;93%
8099a175,30%
1990f0cf,安币交易所
6e97c059,
fe28ddc8,智能合约平台;新加坡LimestoneNetwork公司;Digix公司;《联合早报》;32.5%;80%
892fed5e,专业平台;85%;15%
20f38484,监管黑平台;曝光ATFX平台;个别平台
57f4b412,衍生品交易所
cefde5a8,合作资产方吉运集团;宁波鲁甬佳物流有限公司;合作平台;车主理财;借款企业宁波鲁甬佳物流有限公司;宝平台;《债权转让合同》;90%;10%
b9fad53e,JIMMYWONG监督公司;专业股本投资创业资本投资公司;雷顿投资管理有限公司;雷顿投资管理公司;多元化资产管理公司;资产管理公司;雷顿公司;6%;25%
279e409d,商城平台;电子商务有限公司;中国领先社交电商平台;社交电商平台;天猫平台;充值平台;优质优惠平台;20%;5%;10%;10%;5%;2%
5099700b,BKB平台;锦平国际平台;向中恒策略股票配资平台;股票投资平台;中恒策略股票配资平台;融通宝黑平台;DGINTD平台;曝光平台;中恒策略股票配资融资融券平台;资融资融券平台;配资黑平台;HDI平台;BitKoc平台;喜鹊平台;中恒策略平台;10%
c99021b1,商城app;3%;3%;6%;2%;2%;3%;5%;2%;5%;6%;9%;3%;3%
be971127,
2e280cb6,金融平台;友众信业平台;80%
592f3c20,
39e8b5c5,http://t.cn/Evycvkk
4eef8553,资产管理有限公司
d7e6d4e9,数字货币平台;检测平台;专业平台;4%
a0e1e47f,发展指数百强榜平台;背景平台;网贷之家;股东背景平台;网贷平台;《2018年2月网贷平台发展指数评级》
3e8571dc,
4982414a,借款信息app;0.02%
d08b10f0,零售价清货平台;收费性服务清货平台;互联网电商平台;货公司;清货平台;运营中心;创业平台
a78c2066,全面升级平台;区块链底层技术数字资产流通平台;突破传统交易所;50%;5%;10%;15%;20%;25%;30%;35%;40%;45%;50%;1010%;2015%;5020%;10025%;20030%;20035%;30040%;50045%;50%
37333df7,上市公司旗下理财;评级机构网贷之家;金融理财;网贷平台;《网络借贷信息中介机构业务活动管理暂行办法》;《网贷平台发展指数评级》;60%;90%
40340d61,发展平台;实力平台
12c5e606,香港恒丰集团;互联网理财;网路金融理财;互联网金融理财;互联网金融交易模式平台;轻松自由投资环境平台;投资平台;100%;10%
65c2d690,城市白领中心;人文科技平台
fccb872a,借款信息app;0.02%
8bccb7bc,河南高迈运输公司;运输公司;骗子公司
15a8221f,AUS澳汇资本外汇平台
62af1289,环球国际外汇交易中心
fba64333,http://m.weibo.cn/2914114545/4260663565852854
8ca173a5,海隆重举行联盟;李中泰韩国三星集团;网视频展播平台;海国际区块链生态圈联盟;时代平台;英国云鼎集团;币公司;五大产业公司;瑞典数字货币交易所;金融服务有限公司;《比特风云》;《数字资产研究课题》;《关于时代平台对部分缺乏维护的数字资产翻新招标公告》;《讯链InfChain》
1c1e6e34,
6b195ea2,http://suo.im/4Y3Fko;http://kchba.cn/index
0bded747,美国保险理财;保险理财;年金人寿保险公司;美国保险投资理财;75%;10%;32%;12%;2%;3.25%;7%;10%;1%;7.2%;7%
7cd9e7d1,钱爸爸平台;信息科技大厦运营中心
e5d0b66b,上线交易所;互联网公司;106%;108%;110%;112%;114%;8%;6%;4%;8%;1%;2%;3%
92d786fd,欧亦欧集团;《质量服务诚信AAA企业》
0cb3135e,德国银行股权;38%;56%;55%;90%;90%;51%
7bb423c8,外国资产公司;英国顶尖软件公司;外汇平台;PTFX外汇平台;外汇理财;交易场所;PTFX公司;普顿公司;单理财;PTFX总部普顿公司;15%;5%;15%;15%;2%;4%
e2bd7272,凤凰金融集团;代表公司;纳斯达克上市互金平台;12.5%;26.3%;21%;5.88%;39%
95ba42e4,
05055f75,纵容车小喜公司;车小喜公司;5%
72026fe3,产品购物平台
449f4180,人性投资平台;国内领先互联网股票配资平台;利息平台;银行票据理财;A轮融资配资平台;永之胜国内领先互联网股票配资平台;配资服务互联网金融平台;股票配资平台;配资平台;实业有限公司;行业领先实力配资公司;实盘配资平台;珠海金勺子信息服务有限公司;金勺子信息服务有限公司;实力专业配资平台;配资业务公司;配资公司;客户中心;线下配资平台;国内领先互联网公司;永之胜平台
33987116,社交属性一体消费决策平台;省福袋app;CPS平台;购物理财;创业平台;90%
aa9120ac,
dd96103a,购物APP平台;电商平台
43f28599,16%
34f5b50f,哥伦布交易所;GLB交易所;国际金融交易公司;服务全球用户数字资产交易所;GLB哥伦布交易所
adfce4b5,101%;0%
dafbd423,
4a44c9b2,国际理财;《杰奥控股》
3d43f924,
5d8470c1,报单中心;30%;30%;19%;5%;8%;19%;5%;8%;19%;60%;40%;3%;3%;3%;3%;5%;7%;9%;1%;3%;5%;7%;9%;1%;10%;6%;10%;6%;6%;10%;60%;40%;60%;40%;10%;30%;19%;5%;8%;32%;12.5%;9%;1%;10%;3%;87.5%;10%;77.5%;40%;40%;40%
2a834057,PDR全球平台;旅公司;5%;5%;2%;5%;2%;3%;49%;5%;2%;3%;4%;49%;5%;2%;3%;4%;5%;49%;5%;5%;5%
b38a11ed,财富中心;华南区财富中心
c48d217b,99%
5ae9b4d8,科技有限公司;个人中心;实体公司;http://vip.antmine.cn/web/down;https://pan.baidu.com/s/1N8F3VuHWeF4A
2dee844e,
b4e7d5f4,中心化交易所;《2018中国区块链行业分析报告》;《2018区块链行业报告》;45%
c3e0e562,区块链综合平台;智能商业系统UN应用平台;UNGLOBAL生态平台;矩阵交易所
535ff8f3,P2P平台;中金贷平台;P2P网贷平台;互金平台
2458c865,
76a92302,银行理财;方面多角度分析悟空理财;悟空理财
01ae1394,客户中心
98a7422e,京城app
efa072b8,
71c4e71b,
06c3d78d,
9fca8637,0.073%;0.073%
e8cdb6a1,
7872ab30,北京国华汇金资产管理有限公司;研讨会由德恒律师事务所北京国华汇金资产管理有限公司
0f759ba6,
6fb21243,尊安益财富平台;全民投资理财;投资理财;互联网金融平台;投资平台;收益高风险投资理财
18b522d5,杜绝平台;律师事务所平台;小额消费金融资产互联网投资平台;美的平台;投资理财;微贷网网贷平台;网贷平台;8%;10%;1%
81bc736f,兔平台;决策交易所;投资理财;数字资产交易所;中心化交易所;传统数字资产交易所;币币交易所
f6bb43f9,互联网金融理财
68dfd65a,社交电商平台;移动互联网圈层电商平台;价值全品类圈层电商平台;15%;6%;35%;6%;35%;6%;35%;20%;15%;20%;20%;40%
1fd8e6cc,战大圣游戏理财;战大圣理财;http://t.cn/EL9NJzI;《我要战大圣游戏后台系统专业开发》
86d1b776,
f1d687e0,
61699a71,http://m.weibo.cn/6163937172/4391145192975504
166eaae7,电子交易所;盈透证券平台;盈透证券全部平台;盈透平台;市场中心;1.70%;10%
e82a0e8c,钱海象理财;海象理财
9f2d3e1a,岛城市建设投资集团;互联网金融平台;投资理财
06246fa0,
71235f36,金融理财;专业平台;90%
ef47ca95,全网优惠券app
9840fa03,昆明泛亚交易所
0149abb9,区块链外汇交易平台
764e9b2f,http://t.cn/EfoIAEV
e6f186be,http://m.weibo.cn/6868054407/4392547838883820;31%
91f6b628,樱桃庄园app;http://t.cn/Rk0eyw3;《A派理财平台搭建樱桃庄园app软件开发》
f1313fcd,https://fir.im/bdsu;《理发店》;20%;5%;2%;3%;4%
86360f5b,基础小白理财;白理财;门户网站理财;系统理财;投身理财;普通理财;研究理财;10%;15%
1f3f5ee1,英国通信技术有限公司;5%;5%
68386e77,华尔街Fishbowl公司
f65cfbd4,
815bcb42,http://t.cn/EXan26D;《区块狗预约开发》
18529af8,上海黄金交易所;卖金平台;黄金钱包平台;专业平台;2%;5%
6f55aa6e,品牌公司;微商平台;60%;40%;60%;55%;80%;50%;100%;50%;35%;10%;20%
ffeab7ff,上海黄金交易所;合法平台;黄金交易所;黄金交易交易所;上海期货交易所;受害人平台;交易场所;黄金金融产品交易交易场所;交易黄金平台;诈骗公司;《国务院办公厅关于清理整顿各类交易场所的实施意见》;《国务院关于清理整顿各类交易场所切实防范金融风险的决定》;《中国人民银行公安部工商总局银监会证监会关于加强黄金交易所或从事黄金交易平台管理的通知》
88ed8769,PPmoney网贷运营主体万惠投资管理有限公司;经PPmoney万惠集团;http://m.weibo.cn/5975427726/4362810538830015
25bc9201,P2P投资理财;信息技术有限公司;骗子公司;P2P理财
52bba297,AGK理财;游戏理财
cbb2f32d,月份交易所;10%;100%;10%;5%;15%;5%;10%;20%;10%;25%;15%;50%;100%;10%;5%;10%;15%
bcb5c3bb,特币平台
22d15618,财富公司;旗下基金公司;http://m.weibo.cn/3306282333/4392816052049116
55d6668e,分析平台;政府监管平台;虹奥财富平台;P2P理财;网贷平台
ccdf3734,asnfx外汇平台
bbd807a2,外汇交易平台
2b671a33,http://t.cn/R2WiFuL
5c602aa5,富豪理财
3ca7a340,
4ba093d6,新闻P2P理财;猪宝钱包app;飞猪科技有限公司;p2p理财;中国P2P网贷理财;互联网金融平台
d2a9c26c,模式平台
a5aef2fa,电商平台;购物平台;90%;85%
3bca6759,康宝益大圆平台;静态奖公司;报单中心;钱公司;30%;30%;19%;5%;8%;19%;5%;8%;19%;60%;40%;3%;3%;3%;3%;5%;7%;9%;1%;3%;5%;7%;9%;1%;10%;6%;10%;6%;6%;10%;60%;40%;60%;40%;10%;30%;19%;5%;8%;32%;12.5%;9%;1%;10%;3%;87.5%;10%;77.5%;40%;40%;40%
4ccd57cf,互联网金融服务有限公司;众筹平台;运营中心;农集团;0%;4%;97%;7%;9%;5%;9%;3%;5%;0%;5%;86%;4%;8%;0%;6%;7%;1%;5%
d5c40675,《香港大公文交所》;《文交所》;《百家利》
a2c336e3,
327c2b72,互联网平台;电商平台;门店平台;零售电商平台;全部平台;70%;70%;70%;70%
457b1be4,Coinsuper交易所
178af083,
608dc015,http://m.weibo.cn/6213265322/4361675630558355
f98491af,东风科技有限公司;公司简介公司;天津海泰科技发展股份有限公司;海泰发展有限公司;7%
8e83a139,公众平台;报单中心;联贝德平台;联贝德研发中心;http://t.cn/RgT576d
10e7349a,国内专业理财;合规资质理财;用户权益中心;违规理财;合规理财;尊安益财富代表合规理财;20%
67e0040c,
fee955b6,曝光平台;受害人平台;70%;86%;68%;93%
89ee6520,预警平台;车贷平台;辖区车贷P2P平台;诈骗平台;沃时代平台;付融宝平台;预警P2P平台;仓平台;沃时贷股权;中仓平台;投平台;沃时贷清盘平台;沃时贷平台;元老平台;网络投资集团;问题平台;小伟理财;上市公司融资P2P平台;https://www.woshidai.com/content/notice;20%;90%;90%;20%;3.5%;40%;30%;20%;10%;40%;30%;20%;10%
195178b1,Thecryptobank加密货币银行数字资产交易所;数字资产交易所;50%
6e564827,电商平台;电子商务平台;综合互联网价值平台;金融平台;个人理财;体验平台;全产品线销售平台
0e91c1c2,mt4平台
7996f154,
e09fa0ee,设备公司
97989078,全球平台;选品杭州娃哈哈集团;娃哈哈vkmall平台
09fc05db,http://tieba.baidu.com/p/6154306221fid;50%
7efb354d,投资理财;互联网投资理财
e7f264f7,http://t.cn/EilVj0q
90f55461,创客瑞景之家
004a49f0,
774d7966,投理财
41d05705,社交平台;拓客宝盒平台
36d76793,客户交易所;代表公司
afde3629,互联网金融平台;互金理财;0.6%;0.1%;0.6%;0.6%
d8d906bf,东莞财富中心;线下财富中心
46bd931c,http://m.weibo.cn/1940628043/4394258406240308;http://t.cn/EKmYE5S
31baa38a,泛亚交易所;骗子公司
a8b3f230,80%
dfb4c2a6,币俱乐部全球国际理财;办公场地运作中心;50%;90%;90%
4f0bdf37,指数黑平台
380cefa1,0.00%;0.00%;0.00%;0.00%
58cb6644,
2fcc56d2,贷款平台;小额贷款平台;0.72%
b6c50768,调色教室四川文化产业职业学院DaVinciResolve技能培训中心长影集团;http://www.cgangs.com/distributor;http://mall.jd.com/index
c1c237fe,
5fa6a25d,消费者联盟;http://m.weibo.cn/3180799114/4281313227615345
28a192cb,
b1a8c371,骗子公司;投资公司
c6aff3e7,
5610ee76,江苏运营中心;《呆萌价》
2117dee0,芝麻外汇交易平台
73e63587,福米科技小米金融生态链公司;http://business.sohu.com/20170503/n491574051;http://business.sohu.com/20170503/n491574051
04e10511,5%;2.5%;1.25%
9de854ab,中路集团;金能国际公司;手机金能国际app;上线银行存款活期理财;2.3%;7.0%;5%;3%;1%;99%;99%;1%
eaef643d,https://www.facebook.com/Ulord;https://t.me/ulordonehttps;https://github.com/UlordChainhttps;https://medium.com/UlordChain;8%
748bf19e,王新海象理财;海象理财
038cc108,
9a8590b2,
ed82a024,
7d3dbdb5,EXX平台;美国OK娱乐集团股份有限公司;影视直播平台;综合游戏平台;EXXGROUPLIMITED公司
0a3a8d23,币交易所;成都运营中心;she闪链运营中心;伪官方平台;机会平台;内部消息全国报单中心;28%;45%;5%;25%;40%;0.5%;0.6%;0.7%;0.8%;0.9%;1%;1.1%;1.2%;1.3%;1.4%;9.5%;28.5%;5%;30%;20%;10%;5%;10%;1.2%
6afd04c6,南京黄金外汇投资理财
1dfa3450,全球性经纪公司;MetaTrader移动终端
84f365ea,能力电商平台
f3f4557c,http://t.cn/Ai0Q8W2H;http://t.cn/Ai0Q8W28
6d90c0df,铂星人之家;前提平台;2%;4%;20%;8.8%;4.8%;6.8%;7.8%;8.8%
1a97f049,《抓住机遇的人就等于成功拥有财富》
839ea1f3,电商平台;创业平台
f4999165,
64268cf4,
1321bc62,usg外汇平台;12%
ed651809,
9a62289f,建材有限公司;网络平台;100%
036b7925,
746c49b3,3%
ea08dc10,投资理财;由帛扬集团;9.6%;12.6%
9d0fec86,
0406bd3c,
73018daa,青岛头条青岛曝光青岛市北区卓越世纪中心
e3be903b,数据平台
94b9a0ad,http://m.weibo.cn/7258750175/4397993962607756
f47e2948,功夫熊猫理财;康宏金融理财;万马理财;樱花集团;中炬理财;参源汇;贵远集团;中特币公司;舞枝集团;人人家集团;券商平台;WSD股权;通宝汇;海创联盟;CBT云;云隆网络科技有限公司;义国汇;华阳理财;金梦农业亚粮集团;双创交易所;牛牛汇;雅亨集团;骏豪平台;民族酒业茅台集团;国企西谷交易所;兵道集团;绿茵英雄汇;肥猫理财;铂瑞理财;淘宝联盟;众泰理财;国际理财;博唐投资有限公司;汇通理财;惠民理财;CFC理财;智付通智能理财;碳汇币CSC628773同发理财;UE集团;正宇集团;联众理财;雅安西康藏茶集团;文化传播有限公司;熊本之家;西安京畿黄酒有限公司;红信app;金谷集团;盈理财;Hom心灵之家;足球理财;基因链AGL622788澳大利亚交易所;佣联盟;摩天集团;众宝理财;三金集团;富济理财;栗企集团;金蜜蜂平台;IFA足球理财;泰国金牛集团;恒信理财;美集团;深圳市善心汇;天福集团;胆波平台;嘉华国际理财;善心汇;猫云;香港粤東理财;聚宝理财;CPS联盟;圣隆链SLC1141202新奥汇理财;消费理财;FVC方特集团;碳汇;广告联盟;五福集团;恒安理财;MTC挖矿平台;商城中航集团;零售电商平台;网络约车平台;《鼎盛》;《后宫》;《旅行青蛙》;1%
837919de,铜仁万山开源集团;9.6%
1a704864,http://m.weibo.cn/5910124218/4390732686708716
6d7778f2,时汇创富集团;问题黑平台;黑平台;时汇创富平台;地产集团
f313ed51,缅甸维加斯集团;维加斯集团;30%;60%
8414ddc7,尚融网贷平台;100%
1d1d8c7d,
6a1abceb,数字货币交易所;HKONGEX平台;HKONGEX香港区块链交易所;传统交易所;龙网平台;香港区块链交易所;数字资产交易所;技术底层平台
faa5a17a,车智汇智能终端;智慧城市发展联盟;智能终端;中国智慧城市博览会;车智汇;95%
8da291ec,
247ef836,
5379c8a0,
ca70991a,营销顾问有限公司;参观公司;网站产品中心;广州尚洁科技有限公司
bd77a98c,老牌P2P平台;贷款投资理财;个人借贷平台;利息app;P2P平台;贷互联网金融信息服务有限公司;互联网金融平台;99%;95%;98%
23133c2f,
54140cb9,乙方西藏微众金融服务有限公司;北京盈吉通电子商务有限公司;丙方北京盈衍网络科技有限公司;《关于黄金积存业务管理暂行办法的通知》;《关于黄金资产管理业务有关事项的通知》;《关于金融机构互联网黄金业务管理暂行办法的通知》;2.10%
cd1d5d03,皮包壳公司
ba1a6d95,年青人理财;配资公司;互联网理财;多元化理财;金斧子股票配资平台
2aa57004,80%;80%;80%;0.2%;100%;80%;20%;0.2%;100%;80%;80%;80%;0.2%;80%;20%;0.2%;80%;7%;100%;7%;10%;2%;5%;7%;2%;5%;80%;0.08%;6%;1%
5da24092,黄金外汇平台
3d65c977,个人投资理财;目标公司;P2P理财;投资理财;个人理财;人性化理财;专业公司;投资平台
4a62f9e1,化妆品有限公司;香港新时空卓立国际集团;http://m.weibo.cn/6657317624/4398804167796768
d36ba85b,http://t.cn/ELT0hkehttp
a46c98cd,微信公众平台;《外汇交易软件》;20%;30%;20%;30%
3a080d6e,
4d0f3df8,http://t.cn/AiC4vqhT
d4066c42,开业平台
a3015cd4,专业理财;项目公司;互联网金融行业标杆性平台;福田区卓越汇;汽车公司;优质平台;问题平台;10.8%;15%
33be4145,MT4平台;衍生品交易场所;嘉盛集团;XM集团;零售品牌FOREX平台;杰富瑞金融集团;信息公司;MT5平台;杰富瑞投资福汇集团;塞浦路斯投资公司;关联公司;50%;580%
44b971d3,公益平台;9%;40%
16489ab4,
614faa22,投理财
f846fb98,面向全球客户投资平台;品牌升级集团;投资平台
8f41cb0e,漫画交易所;MAXX集团
11255ead,热门市场中心;股票配资平台;50%;110%
66226e3b,
ff2b3f81,资深平台;投资理财;考验平台;95%;0.5%;500%
882c0f17,CEO交易所;数字货币公司;香港CEO交易所;CEO平台;全球顶尖数字资产交易所;全球交易所;香港ceo交易所;https://t.me/wwwbiteceo;70%;90%
18931286,小趣宝藏平台
6f942210,
0f53abf5,受害人平台;百益策略平台;黑平台
78549b63,中心化交易所;50%;20%;20%
e15dcad9,
965afa4f,媒体内容平台;社群平台;小峰创业汇
083e6fec,
7f395f7a,《消费税暂行条例实施细则》;《消费税暂行条例》
e6300ec0,
91373e56,盈透证券有限公司;盈透证券交易平台
018823c7,信贷平台
768f1351,四川天府商品交易所;稀土产品交易所;贵州国际商品交易中心;证实黑平台;西藏锦绣商品交易中心;洪盛平台;万銮国际汇;外汇黄金平台
40123d32,币安交易所;15%;20%;20%
37150da4,
ae1c5c1e,
d91b6c88,正宇集团;企业集团;模式永运都公司
477ff92b,外汇经纪公司;lfwq315曝光平台
3078c9bd,华夏云商app;华夏云商商城app;http://t.cn/EVoNwzi
a9719807,
de76a891,
4ec9b500,空壳公司
39ce8596,教育资质证明平台;迹链云;项目竞赛平台;文银资本有限公司
59090c73,iBank数字资产管理平台;人群理财;iBank数字钱包数字管理平台;区块链平台;《世界财富报告》;42%;59.7%;62.6%
2e0e3ce5,
b7076d5f,UNTC平台
c0005dc9,nz750405智慧晶app;微商加人技巧智慧晶app
5e64c86a,投资理财;微信跑分平台
2963f8fc,医疗产业公司;《史记》
b06aa946,花生日记购物平台
c76d99d0,外汇平台
57d28441,大平台;网贷理财;合作P2P理财;P2P理财;依附于P2P理财;双平台;规范小平台;依附于P2P平台;P2P网贷理财;投资P2P理财;20%;10%
20d5b4d7,佣联盟
72245fb0,
05236f26,上市集团;柬埔寨亚洲国际金融自由贸易区发展有限公司;导师枫叶币加密数字货币区块链投资理财;委托区块链集团;导师中国加密数字货币投资理财;亚洲国际金融自由贸易区发展有限公司;总裁任命区块链集团;投资理财;加密数字货币区块链投资理财;区块链集团;世界加密数字货币投资理财;数字资产亚洲国际金融自由贸易区有限公司;中国坪山茶业集团;坪山集团;《亚泰坊》;1%;25%;15%;15%;25%;0.5%;5%;10%;15%;25%;25%;5%;10%;15%
9c2a3e9c,90%
eb2d0e0a,
75499ba9,
024eab3f,http://jmc.g41p2.cn/fid;http://fir.im/dgl4
9b47fa85,亚欧公司;亚欧网络竞技有限公司
ec40ca13,交易学院平台;《每天10分钟用缠论带你读懂市场》
7cffd782,互联网金融服务有限公司
0bf8e714,权威外汇平台
6b3f6ef1,煤集团;客户中心;冶钢集团;鞍钢集团
1c385e67,影视创作投资平台;猎金全民影视猎金集团;猎金全民影视全民影视传媒有限公司;猎金集团;《战毒枭》;《负翁俱乐部》;《MC西游》
85310fdd,腾讯充值中心
f2363f4b,米袋理财
6c52aae8,诺安期货平台;监管平台;曝光平台;股指平台;个别平台;诈骗公司
1b559a7e,媒体平台;云播官网app;《黑马狂奔底部飞牛》;《黑马狂奔牛股动作模型》;《黑马狂奔筹码理论》;《初识黑马狂奔战法》;《黑马狂奔短线绝技》
825ccbc4,http://t.cn/E28GtiF
f55bfb52,互联网金融理财;老板大格局公司;中长期理财;投资理财
65e4e6c3,投资理财
12e3d655,币平台;链投资理财;推荐人平分投资阳光理财;2.5%;2.5%;10%;8%;5%;10%;8%;5%;4%;3%;2%;1%
eca7723e,德聚理财;金融投资理财;精英投资理财;高风险投资收益投资理财;投资理财;了德聚理财;阳春增融投资有限公司;同类投资理财
9ba042a8,http://m.weibo.cn/7207756318/4393978189371169
02a91312,开源基金管理有限公司;基金公司;《招募说明书》;《基金合同》
75ae2384,币交易所;中国武汉中心;韩国外汇交易公司;FX公司;交易场所;AI技术FX公司;1%;2.5%;400%;1%;2.5%;1.5%;30%;10%;6%;2%
ebcab627,合规平台;网贷之家;盈利平台;运营平台;合规透明度双料冠军平台
9ccd86b1,https://www.xiami.com/song/1776294493;https://pan.baidu.com/s/1Vu;《来日方长》;《纯白之夜》;《荆棘鸟》
05c4d70b,谷歌全球顶尖公司;存币生息金融理财;期货平台;70%;20%;10%
72c3e79d,
e27cfa0c,《百姓百事》
957bca9a,
f5bc437f,
82bb73e9,数字货币交易所;上海交易所;时候公司;时候交易所;传统交易所;摩根士丹利IT核心团队成员国内证券交易所;路交易所;区块链交易所;80%;5%
1bb22253,
6cb512c5,由帛扬集团;9.6%;12.6%
f2d18766,
85d6b7f0,监管平台;嘉盛集团;诈骗平台;受害人平台;VeGard平台
1cdfe64a,链生态平台;100%
6bd8d6dc,华登区块宠物狗理财;http://t.cn/E63l35V;《华登区块狗系统开发平台》
fb67cb4d,
8c60fbdb,
2638466f,http://m.weibo.cn/7257385227/4398238658442756
513f76f9,炎合公司;生物科技有限公司;生物科技公司;P2P投资平台;骗子公司;10%
c8362743,电商平台
bf3117d5,https://rdslb.timestorm.cn/member/index;《中华英才》;《儿童慈善基金》;《京东商城》;《蔚来汽车》
21558276,市场研究公司
5652b2e0,影视公司;影视投资有限公司;《战狼2》;《我是特种兵》;《红海行动》;《诺贝影视咨询》;《还珠格格》;《羞羞的铁拳》;《狐踪谍影》;《大圣归来》;《泰囧》;162%;253.5%;253.5%
cf5be35a,币交易所;萨斯奎汉纳国际集团;机构交易所;监管交易所
b85cd3cc,
28e3ce5d,BIZ跨界商资国际集团;http://t.cn/ExRq5aJ
5fe4fecb,亏损平台;资本平台
3f23772e,证明平台;优质理财;中金贷平台;37.4%;100%;20%;98%;32%
482447b8,
d12d1602,区块链平台;《二台》;《亚投链》;5%;3%;1%
a62a2694,投资基金管理有限公司;投资公司;基金公司;com上海民佑股权;《天马》;《桃花源》
384eb337,http://t.cn/Ail2wumr
4f4983a1,http://t.cn/RgYesIl
d640d21b,政府背景区块链交易所;100%;30%;70%;30%;70%
a147e28d,LVI创投联盟;线下实体联盟;国际平台;5%
31f8ff1c,市民设计个性化理财;证齐全智能金融服务平台;客户理财;投资理财;融泰宝全称温州市融泰投资管理有限公司;网上投资理财;智能金融服务平台;投资平台;100%
46ffcf8a,电商平台;淘宝京东美团平台;http://m.weibo.cn/7088305296/4392540230512512;10%;30%;16%
140e24ed,
6309147b,500%;10%;10%;50%
fa0045c1,个别平台
8d077557,P2P投资平台
1363e0f4,
6464d062,外汇交易平台;国内外汇交易平台;信赖外汇交易平台
fd6d81d8,plustoken钱包自带交易所;http://www.sohu.com/a/254648390;6%;18%
8a6ab14e,大田环球平台;http://t.cn/EGRpxca
1ad5acdf,3%
6dd29c49,0.05%;0.10%;0.20%;0.25%
0d1515ac,10%
7a12253a,
e31b7480,风险评级公司
941c4416,了嘉盛集团;嘉盛集团;优质股票交易平台;MT5平台
0a78d1b5,化平台;社群平台;购物平台;方式平台;投资平台;58%;95%;6%
7d7fe123,办法理财;国人理财;人步入理财;岚蓝财富出资理财
e476b099,
9371800f,金融平台;安信金控有限公司
03ce9d9e,
74c9ad08,
4254836b,《互联网金融CRO特训营》
3553b3fd,亚欧公司
ac5ae247,
db5dd2d1,零售云;41.5%;31.9%
45394772,http://t.cn/AiOi47Ba;《智慧晶怎么玩》
323e77e4,
ab37265e,向小智理财;小智理财;21.1%;10.47%
dc3016c8,诈骗平台;ggtrade金石集团
4c8f0b59,99%
3b883bcf,瑞联盟
5b4fb22a,9.9%
2c4882bc,http://t.cn/EKmYE5S;http://t.cn/AiONgGLz
b541d306,
c246e390,投资理财;双创投资有限公司;投资机制平台;小心投资理财;100%;5%;100%;1%
5c227633,鑫江东方城一楼客服中心
2b2546a5,互联网金融交易模式平台;湖北大方锦佳置业有限公司
b22c171f,
c52b2789,传统销售场所;美投集团;文化消费中心
55943a18,http://t.cn/AipZiGOb
22930a8e,http://t.cn/AipBAOOl
7062e1e9,投资理财;布衣理财;100%;100%;30%;99%
0765d17f,
9e6c80c5,视频平台;账号app;项目平台;商业平台;掌柜平台;50%;50%;50%;25%;50%;25%;50%;50%
e96bb053,智慧云;国际数字交易所;时代中心;新加坡智慧云
770f25f0,中国本土骗子集团;多国国际骗子集团;本站平台
00081566,vpay钱包平台
990144dc,
ee06744a,狮子金融集团;外汇平台;MT4平台;嘉盛平台;领域公司;票选平台;ASIC平台;Horseforex马汇平台;评测FCA平台
7eb969db,消费金融平台;环球有限公司
09be594d,美国实体公司;http://t.cn/EMpgTvp
6979d0a8,6%;15%
1e7ee03e,指数平台;外汇平台;不法平台;凯石集团;黑平台;时候平台;投资平台
8777b184,全国母婴电商平台;蜜芽平台;电商平台;综合性购物平台;《北大青年》
f0708112,信托资产管理公司
6e1414b1,世纪平台;落地流通双平台;MBI公司;玩SKY云;SKY云;sky云;咨询sky云
19132427,
801a759d,长润影视中心;运营中心;部分公司;《幕后现象》;《红海行动》;《邪不压正》;《动物世界》;《我不是药神》;50%
f71d450b,
67a2589a,5%
10a5680c,智汇魔方理财;CAT智汇魔方区块链代币理财;http://t.cn/EhsfOLW;《CAT智汇魔方区块链代币理财交易系统开发》;《刘13149903681》
eee1cc67,微信fx2853公司;微信fx2853VP公司;比荷卢经济联盟;100%;10%;0.5%;10%;70%;20%;10%;70%;20%;10%;25%;10%;25%;20%
99e6fcf1,http://t.cn/EvycYjX
00efad4b,智能综合型金融平台;优质创赢财富互联网金融平台;互联网金融平台;财富平台;100%
77e89ddd,网址公司;样平台
e98c087e,
9e8b38e8,昆明泛亚有色金属交易所
07826952,传统公司;视频平台;电商平台
708559c4,投资管理有限公司
e03a4455,《卡盟金服》
973d74c3,
f7fafd26,
80fdcdb0,http://m.weibo.cn/6595908392/4341917552334175
19f49c0a,合规备案平台;由帛扬集团;条件P2P平台;网贷平台;地区网贷平台;9.6%;12.6%
6ef3ac9c,http://t.cn/AiK08kkU
f097393f,网络理财;厚福无疆公司;收益平台;互联网金融理财;投资理财;实力平台;互联网金融交易模式平台;优质个人理财;投资平台;金融理财;100%;100%
879009a9,
1e995813,
699e6885,
f9217514,电商平台;10%
8e264582,管理集团;1%;5%;5%;8%;3%;5%;3%;8%;1%;3%;5%
27fa2c58,AIL智能链挖矿模式app;农场理财;媒体平台;2%;3%;2%;1%;5%;2%;1%;5%;3%;1%
50fd1cce,生态茶交易中心有限公司;《关于取缔非法金融机构和非法金融业务活动中有关问题的通知》;350%;348%
c9f44d74,期货公司;http://t.cn/Rgge3Xv;《逸富国际期货的交易心得与技巧》
bef37de2,借款信息app;《单恋》;0.02%
2097e841,媒体平台;50%
5790d8d7,国内领先互联网金融股票配资平台;法人独资投资公司;配资网站平台;郑州股票配资平台;十大配资平台;配资网站公司;正泽股票配资平台;股票配资公司;股票期货配资平台;50%;50%
ce99896d,
b99eb9fb,云算力平台;21.8%
2921a46a,
5e2694fc,注意事项个人理财;掌柜理财;P2P互联网理财;投资理财;小额理财
3ee11d19,网平台;曝光平台;天下网络科技有限公司
49e62d8f,国际贸易有限公司;沧州市螺旋钢管集团;供需平台;10%
d0ef7c35,
a7e84ca3,个人中心;haha小视频app;视频app
398cd900,
4e8be996,民声汇;南都报系综合报料平台
d782b82c,
a08588ba,
303a952b,BlockCapitalBLOCKGlOBAL集团;全球领先区块链科技传媒集团
473da5bd,
15cc4eda,个人中心;线下沟通交流场所;市值小米公司;社交公司;小米旗下会员电商平台;贝店初创公司;《如何加入我们》;30%
62cb7e4c,靠谱大公司;梦想行业平台;投资理财;理性理财;科技有限公司;1.1%;1.2%;1.3%;1.4%;1.5%;9%;6%;3%;9%;6%;3%;5%;10%
fbc22ff6,
8cc51f60,国际旅行社有限公司;中国银行股份有限公司
12a18ac3,央企国资能源集团;产融投资平台;30%;50%;100%;30%;21%;21%;20%;21%;57.3%;21%;57.3%;21%;100%;1000%;10000%;100%;100%;200%
65a6ba55,区块链数字资产交易所;MBAEX东南亚资产国际交易所;hofrieiejjtsqjdnEUNEX欧联数字资产交易所;WCEEX交易所;AI智能公司;https://user.mbaex.com/user/register;《通证经济》;《2018年HKIBFA颁奖晚宴》
fcafebef,融资平台;专属平台;供应链金融平台
8ba8db79,综合理财;浙江金嵩投资管理有限公司;金嵩科技平台;市场理财;金嵩科技理财;人们理财;投资平台
1b17c6e8,https://www.pgyer.com/mJl9;http://mdync.999jky.cn/web;https://www.pgyer.com/t8xf;10%;3%;0.07%;0.03%
6c10f67e,京贷网公司;上海股权;北京P2P平台;运营公司;8%;10%;87%;84.7%
0cd77f9b,
7bd04f0d,
e2d91eb7,
95de2e21,
0bbabb82,融通宝黑平台;融通宝平台;黑平台;期货指数平台
7cbd8b14,外币理财;人民币理财;3%;3.3%;2.7%;2%;2.35%;2.1%;2.11%;2.54%
e5b4daae,
92b3ea38,营运模式大威码公司;大威码公司;http://t.cn/RBOeReT;《大威码公司的营运模式大威码公司赢利模式》
020cf7a9,https://www.xunq.net/regcode/5fdw0x6Z4p;https://token.im/download
750bc73f,品牌总部南京中淳泰能科技有限公司
4396e95c,电MAC火星链挖矿理财;MAC火星链算力挖矿理财;http://t.cn/EfBZZ3w;《MAC火星链算力挖矿理财收益系统源码开发》
3491d9ca,
ad988870,网易星球app
da9fb8e6,海洋中心;骑公司;酷骑公司
44fb2d45,流量平台;巴拿马数字货币信托理财;品牌背书公司;Airbitclub公司;Bitfoliex交易所;80%;10%;70%;20%;10%;10%;70%;95%;48%;52%
33fc1dd3,资产管理有限公司
aaf54c69,
ddf27cff,
4d4d616e,精灵家园财富平台;流程公司
3a4a51f8,发展平台;实力平台
5a8dd81d,ZEAET数字资产交易所;ZEAET交易所;数字资产交易所;数字资产币币交易所
2d8ae88b,
b483b931,
c38489a7,权威IT研究公司;GartnerGroup集团;嘉福猴区块平台;全球数字资产平台;95%;5%;8%;3%;5%
5de01c04,
2ae72c92,http://t.cn/AilG7MXq
b3ee7d28,商品交易中心;监管平台;曝光平台;个别平台;受害人平台
c4e94dbe,0.019%
5456502f,信息科技有限公司
235160b9,http://t.cn/RDddh0e
71a08bde,百果乐园平台;挖矿理财;区块链挖矿理财;5%;2%;1%;2%
06a7bb48,http://t.cn/EbYv9dV;《鼎汇钱包客服电话是多少》
9faeeaf2,恒昌集团;北京恒昌惠诚信息咨询有限公司;恒易融平台;P2P平台;网贷之家;基本信息平台;专业公司;北京恒昌德盛信用管理有限公司;北京恒昌利通投资管理有限公司;恒易融运营公司;北京恒昌汇财投资管理有限公司;36%;5.8%;12%;1.5%;0.5%;8.5%
e8a9da64,数字货币交易所;保护措施交易所;极具发展潜力黑马交易所
76cd4fc7,投资理财;上海君迪影视投资管理有限公司;国内顶尖影视投资管理平台
01ca7f51,
98c32eeb,11%;11%;11%
efc41e7d,vr全景智慧城市项目河南艺境空间文化传播有限公司;实体市场公司;加盟公司;商业VR全景平台;购物平台;营销平台;vr全景国内专业全景云;创业英雄汇;《创业英雄汇》
7f7b03ec,互联网金融创业平台;75%
087c337a,
68bbba9f,http://t.cn/AijrhVuS
1fbc8a09,http://t.cn/AilTPZ2k
86b5dbb3,微信平台;10%
f1b2eb25,环球国际交易所
6fd67e86,
18d14e10,
81d81faa,国内电商平台
f6df2f3c,股东上海地产集团;上海地产集团;上海古北集团;中华企业地产集团;有助公司;中华企业股份有限公司;中星集团;投资平台;中华企业公司;地产集团;100%;20.9%;55.24%;20.90%;85%;300%;366.15%
666032ad,
1167023b,受害人平台;OGFX平台
ef23a650,电商平台;品类生活消费优化解决方案平台;财税服务一体服务型生态平台;社交电商平台;客系联盟;100%
982496c6,办理专属云;服务云;数据交易所;英平台;数据立体综合金融平台;数据平台;合法公司;人梦想中国梦主平台;POS机公司;国家云;功能平台;20%;20%;20%;20%
012dc77c,5%
762af7ea,
e84e6249,红威投资上海红威投资有限公司;旗下互联网金融平台;《同龄人正在抛弃你》;90%
9f4952df,
06400365,信息服务中介网贷平台;广告平台;价值平台;美平台
714733f3,银行理财;资本市场股权;交易场所;现货交易平台;生态茶交易中心公司;代交易属性国家金融平台;贵州省商务厅双批文茶叶现货交易中心;电商现货交易平台;《国家现货交易市场改革的一波红利》;32%
e1f82e62,
96ff1ef4,
f6389711,技术有限公司;汇通商业管理有限公司;模式互联网公司;互联网公司;Z2022711000013北京百付宝科技有限公司;牌照公司;金融机构财务公司;《领众生活》;5%;10%;100%;5%;10%
813fa787,信任小智理财;P2P平台;投资理财;手机理财;金融理财;小智理财
1836f63d,香港天富宝贵金属平台;曝光香港天富宝贵金属平台;http://t.cn/EAY8hW1
6f31c6ab,骗子平台;配资公司;个别平台;策略黑平台;时候平台;投资平台;8.44%
f1555308,深圳新富隆供应链管理有限公司
8652639e,个人投资理财;专业理财;资金投入股市高风险投资场所;个人理财;所有人理财;国内领先移动互联网综合金融服务平台
1f5b3224,ZG交易所;手机钱包app;拓宽交易所;ZT交易所;上线交易所;https://www.zg.com/3
685c02b2,
f8e31f23,10%;5%;10%;80%;20%;6%
8fe42fb5,用友集团;头条平台
2ca66b65,贷款平台;小贷公司;0.72%;10%
5ba15bf3,《星际舰队之银河战舰》
c2a80a49,
b5af3adf,
2bcbaf7c,商品交易中心;贵州国际商品交易中心;监管黑平台;商品交易平台
5ccc9fea,
c5c5ce50,15%;6%;35%;6%;35%;6%;35%;20%
b2c2fec6,老平台;100%;100%
227de357,经公司
557ad3c1,
35bd5a24,外汇平台;监管平台;黑心外汇平台;黑平台;利用直播平台;50%
42ba6ab2,AIMS欧力集团;合作平台;欧力集团;欧利集团;客户中心;中国客服中心;18%
dbb33b08,城市白领中心;人文科技平台
acb40b9e,
32d09e3d,
45d7aeab,追币网交易所;CPLE股权
dcdeff11,http://t.cn/AiWOtqWP
abd9cf87,
3b66d216,
4c61e280,
1e9009e7,
69973971,上市网络借贷信息中介平台
f09e68cb,国泰君安国际集团;母公司集团;15%;10.64%;9.05%;15%
8799585d,hei平台;西藏锦绣商品交易中心;20%
19fdcdfe,贷上钱微信借款平台;微信借款平台;借款平台;网贷中小借贷平台;互联网资金周转app;0.7%;1.2%;0.72%
6efafd68,
f7f3acd2,
80f49c44,
104b81d5,59.4%;59.4%
674cb143,个人中心
078b38a6,顶级电商平台;科技公司
708c0830,
e985598a,
9e82691c,
00e6fcbf,手机app;投资基金管理有限公司;山东国投股权;2%;2%
77e1cc29,商品交易中心;诈骗公司;假平台;虚构平台;资金黑平台;问题平台;投资平台;《天裕泓盛融资融券》
eee89d93,http://t.cn/EKmYE5S;http://t.cn/AiWBCoKO;5%
99efad05,蜜源app;90%
0950b094,专业化互联网金融平台;投资理财;俞丰财富金融服务有限公司;互联网金融平台;《中国金融行业诚信无投诉企业》;99.34%
7e578002,《金融是本故事书》;《听妈妈讲钱的故事》;《如何获得真正的财富》
48caae61,http://t.cn/Ai9vsadP
3fcd9ef7,人人爱家金融用户资金平台;金融科技平台;人人爱家金融平台;https://www.ysslc.com/caijing/yaowen;34%;27%;56%;44%;100%
a6c4cf4d,投资有限公司;25%
d1c3ffdb,eco生态币app;30%;5%;30%;30%;30%;30%
4fa76a78,
38a05aee,投资管理有限公司;浙江谢志宇控股集团有限公司;团队投资公司;合资公司;资产管理有限公司;全球化数字化全域营销传播集团;泽资产管理有限公司;《最后一张签证》;《雪豹》;《涉金融领域失信问题专项治理工作方案》;《芈月传》;《小时代3》;《国家发展改革委办公厅关于开展涉金融领域失信问题专项治理工作的函》;《老爸回家》;《北平无战事》;《琅琊榜》;《致青春》;《春天里》;《我的老爸是奇葩》;《奋斗》
a1a90b54,com公司
d6ae3bc2,会员公司
46112653,mt4平台
311616c5,投理财;重磅互联网平台
51d19f20,
26d6afb6,
bfdffe0c,海外数字货币交易所;数字货币交易所;HKONGEX平台;HKONGEX香港区块链交易所;传统交易所;龙网平台;香港区块链交易所;赛贝CYBEX交易所;数字资产交易所;技术底层平台
c8d8ce9a,
56bc5b39,飞翼资讯app
21bb6baf,
b8b23a15,运用花生日记app;广州花生日记网络科技有限公司
cfb50a83,入金平台;监管黑平台;资本外汇平台;资本平台;证明平台
5f0a1712,银金服平台
280d2784,
7afccce3,http://t.cn/RBeunqw
0dfbfc75,新创电商平台;合伙人新创电商手工活公司;实体公司
94f2adcf,
e3f59d59,文化传媒有限公司;投资优势公司
7d9108fa,KLB区块链矿池挖矿项目平台;KLB区块链项目平台;KLB数字货币交易所;6%;3%;2%
0a96386c,单理财;外汇投资理财
939f69d6,外币理财;人民币理财;3%;3.3%;2.7%;2%;2.35%;2.1%;2.11%;2.54%
e4985940,龙石集团;散户联盟;XO平台;受害人平台;黑平台;5%;95%
742744d1,配资服务公司;投资者信赖投资理财;20%
03207447,http://m.weibo.cn/6268376888/4300463815304458
63e7fda2,
14e0cd34,钱理财
8de99c8e,曝光平台;日化收益平台
faeeac18,《小马过河》;《mi929622》
648a39bb,微信公众平台;3%
138d092d,
8a845897,快币交易所;信用卡平台
fd836801,石油行业巨头光汇石油集团;互联网平台;活动正值光汇石油集团;互联网电子商务平台;光汇云油隶属于香港上市公司光汇石油集团;车主服务石油消费平台;能源电子商务平台;旗下电商平台
6d3c7590,KKG商城KKG商城平台;http://t.cn/RDhviRV;《KKG商城KKG商城平台总部加急招募城市服务商分公司代理商》
1a3b4506,贷款平台;小贷公司;0.72%;10%
e47fe16d,
9378d1fb,专业开发型公司;区块链数字资产交易所;10%;5%;1%;3%;1%;1%;1%;1%;1%
0a718041,
7d76b0d7,
e3122574,
941515e2,http://t.cn/EKg6GZD
0d1c4458,
7a1b74ce,电子商务研究中心;http://www.100ec.cn/zt/58xy
eaa4695f,
9da359c9,http://t.cn/RyhYNv0
fd64d02c,http://t.cn/E9xbaaI
8a63e0ba,
136ab100,实力合作证券交易所;政策风险平台;中心化平台;http://www.slrbs.com/slr/news;0.05%;0.10%;0.15%;0.20%;0.25%;0.30%;0.35%;0.1%;0.5%;0.10%;0.15%;0.20%;0.25%;0.30%;1%;1%;30%;1%;3%
646d8196,管家app;《黑蚂蚁管家app》
fa091435,银行理财;资本市场股权;交易场所;现货交易平台;生态茶交易中心公司;代交易属性国家金融平台;贵州省商务厅双批文茶叶现货交易中心;电商现货交易平台;《国家现货交易市场改革的一波红利》;32%
8d0e24a3,猫猫平台;10%;10%;10%
14077519,
6300458f,
f3bf581e,欧联币交易所;EUNEX欧联交易所;数字资产交易所;欧联交易所;https://www.eunex.co/registerinvitationCode
84b86888,大仓集团
2d640152,《监管信息告知书》;《国家外汇管理局信息公开告知书》;《中华人民共和国外汇管理条例》
5a6331c4,评测研究中心;IMX交易所;蚂蚁节点联盟;BG交易所;iBefine交易所;区块牛平台;旅链科技有限公司;ZT交易所;火币云;HCoin交易所;LOEX交易所;io交易所;coinnice交易所;太网交易所;one交易所;Bitfree交易所;中华UB网交易所;陕西省区块链产业联盟;汇通百纳资产管理平台;运营中心;资产管理平台;老友汇;com交易所
c36a607e,积木小贷赣州积木小额贷款有限公司;贷款平台;0.72%
b46d50e8,上市集团;导师中国码链加密数字货币投资理财;大仙世界码链加密数字货币投资理财;委托区块链集团;数字货币亚洲国际金融自由贸易区有限公司;亚洲国际金融自由贸易区发展有限公司;码链联盟;投资理财;中国中心;区块链集团;导师枫叶币加密数字货币区块链投资理财;加密数字货币区块链投资理财;中国坪山茶业集团;20%;1.20%;10%;10%;50%;50%
2a09c54b,
5d0ef5dd,智能终端;北京银联商务有限公司;银联云
c407a467,金融信息中介平台;金融信息服务有限公司
b30094f1,曝光平台;投资平台;投资理财;个别平台
23bf8960,区块链驱动智慧养老应用平台;智养链平台;养老益智游戏五大板块综合区块链智慧养老平台
54b8b9f6,儿交易所;生肖理财;生肖平台;LUCKY平台;火币交易所;28%;1%;3%;5%
347f3013,外币理财;人民币理财;3%;3.3%;2.7%;2%;2.35%;2.1%;2.11%;2.54%
43780085,币平台;庄园平台;3%;5%;3%;8%;5%;10%;8%;10%;10%;3%;3%;3%;3%
da71513f,http://m.weibo.cn/5210498862/4392717603675257
ad7661a9,
3312f40a,
4415c49c,贷款平台;小贷公司;0.72%;10%
dd1c9526,合理利用理财;大家理财;虹奥财富平台;虹奥财富P2P理财;投资虹奥财富平台;女性理财
aa1ba5b0,智能有限公司;智能系统平台;系统大数据平台;20%;20%
3aa4b821,负责管理投资公司;江苏铁本钢铁有限公司;直播平台;珠海银隆新能源股份有限公司;市值商业帝国公司;实体消费基础联盟;PlusLive直播平台;1%;10%;10%;10%;3%;0.5%
4da388b7,配资服务公司;投资者信赖投资理财;20%
1f5263d0,
68555346,外汇平台;统一交易场所;大赢家期货平台;国内证券交易所;期货公司;期货交易所;《股票期权交易试点管理办法》
f15c02fc,金赢策略平台
865b326a,地方政府证明企业蜀桑源农业发展有限公司
183fa7c9,http://t.cn/AiNlMeXs
6f38975f,
f631c6e5,http://m.weibo.cn/6320610655/4348593516906217
8136f673,技术公司;半导体设计公司;http://www.cetimes.com/sip/cn;http://www.cetimes.com/sip/cn;http://www.cetimes.com/sip/cn
1189ebe2,经济平台;信息技术基础市场平台;经济公司
668edb74,点滴汇;外汇平台;http://t.cn/AiOuW3Nv
06495291,实盘股票配资平台;配资公司
714e6207,寿公司
e84733bd,expasset公司;链资产保险平台;com公司;1%;200%;4%;4%;8%
9f40032b,
01249688,购物平台;1.5%;1.96%;0.4%;6%;2.7%
7623a61e,喜马拉雅平台;初创公司;《跟Leeson老师学英语儿歌》;90%;8%;20%
ef2af7a4,
982dc732,
0892daa3,互联网公司;收益股权;影视投资众筹平台;市公司;猎金集团;《战狼2》;《捉妖记》;《西游记之大圣归来》;《港囧》;《美人鱼》;《十万个冷笑话》;《人在囧途》;《大圣归来》;《大鱼海棠》;47.5%
7f95ea35,个人中心;https://www.cnhkcoin.com/account/registeruid;30%;30%;5%
4908c456,金融科技平台;物流金融服务平台;6.2%
3e0ff4c0,http://t.cn/EfkbjA5
a706a57a,场外配资平台
d00195ec,单理财;技术外汇投资金融理财;http://t.cn/ESSxWMxGainer;http://t.cn/AiWDBray
4e65004f,优质外汇平台;优质一流金融服务平台;智能理财;专业金融平台;15%
396230d9,深圳市景华投资发展有限公司
a06b6163,数字资产理财;区块链数字资产交易所;持币生息理财;专业公司;持币理财
d76c51f5,
47d34c64,投资理财;机构平台;金融理财;尊安益财富公司;资质理财;75%
30d47cf2,租房平台;https://iglu.com.au/properties/sydney;https://apps.apple.com/cn/app;https://play.google.com/store/apps;https://apps.apple.com/au/app;https://play.google.com/store/apps;https://transportnsw.info/apps/tripview
5013f517,樱桃商城公司;30%;70%;20%;80%
2714c581,http://www.sohu.com/a/274985547
be1d943b,工作场所;子俊理财
c91aa4ad,蜂融网平台;供应链上下游公司;映客平台;问题平台;合规运营P2P平台
577e310e,
20790198,
b9705022,农场理财;20%
ce7760b4,诈骗公司;北京亚太融合资本管理有限公司
5ec87d25,
29cf4db3,专业理财;资讯内容媒体平台;http://www.sohu.com/a/283551402;10%
7b3ea6d4,贷公司
0c399642,伙同评估公司;中华报业传媒集团;诈骗公司
9530c7f8,盈宝通平台;http://t.cn/Ex69wpY
e237f76e,《环球松鼠区块链领养游戏开发》
7c5362cd,太原警通高速公路服务有限公司
0b54525b,股票配资平台;50%;90%
925d03e1,《乐购商城推广分红平台》
e55a3377,
75e52ee6,
02e21e70,期货交易所;品种投资理财;12%;300%
62259795,国际性集团;期货公司;Q1278897719金殿环球金融投资集团;金殿环球金融投资集团
1522a703,
8c2bf6b9,1.53%;4%;1.53%
fb2cc62f,荷兰跨国银行金融服务公司
6548538c,男性平台;信贷平台;P2P平台;65%;45%;72%;28%;49%;40%;41%;29%
124f631a,
8b4632a0,
fc410236,美国上市网贷平台;美国上市贷款平台;http://t.cn/EK8SOtk
6cfe1fa7,FVI公司;0.5%;25%;10%;100%;50%;25%;10%;0.5%
1bf92f31,
e5bd8b5a,http://jmc.g41p2.cn/fid;http://fir.im/dgl4
92babbcc,贷款平台;万汇金宝旗下app;0.72%
0bb3ea76,澳大利亚brayden区块链科研中心
7cb4dae0,商业银行个人理财;《关于进一步加强商业银行个人理财业务投资管理有关问题的通知》;《通知》;3%
e2d04f43,趣头条平台;数据检测平台;小米集团;央视曝光高利贷公司;8%;8%;127%;66%
95d77fd5,流量云;90%
0cde2e6f,盈集团
7bd91ef9,港宏国际平台
eb660368,出金平台;合法平台;黑平台;骗子平台
9c6133fe,诈骗平台
fca6ba1b,http://m.weibo.cn/6626335686/4335643188157259
8ba18a8d,云商平台;15%;12%;8%;4%;12%;8%;4%;12%;8%;4%;10%
12a8db37,诈骗平台;中金福投资理财
65afeba1,
fbcb7e02,国诚金融平台;投山东平台;包二奶平台;鑫时光平台;曝光平台;山东平台;贷平台;同江金融平台;自融平台;路平台;路山东平台;后台启动投资人自动投标平台;投资平台;http://www.gcjr.com/myaccount/toI
8ccc4e94,股票配资平台;专业股票配资平台;10%
15c51f2e,
62c22fb8,网平台;网络科技有限公司;资源平台
f27d3229,团队云品仓靠谱推荐人云品仓星云联盟;云品仓星云联盟;牛团队云品仓靠谱推荐人云品仓星云联盟;http://t.cn/EtY2LuD;《云品仓星云联盟逆袭团招店主云品仓最牛团队云品仓靠谱推荐人》
857a02bf,租房平台;私人资料垃圾公司
b427a317,智能终端;数据公司;中国智慧城市博览会;智慧城市发展联盟
c3209381,
5a29c23b,
2d2ef2ad,
b34a670e,http://t.cn/EMWhIez;http://t.cn/zOXAaic
c44d5798,
5d440622,
2a4336b4,20%;5%
bafc2b25,HASHBOX云算力平台;http://m.weibo.cn/3888585472/4396858497157912
cdfb1bb3,
ad3c9256,合法平台;94%;20%;2%;80%;90%;20%;80%;1%;3%;0.5%
da3ba2c0,部分股权
4332f37a,
3435c3ec,
aa51564f,会坤集团;熊平台
dd5666d9,蚂蚁平台;蚂蚁游戏平台;N平台;借贷出局蚂蚁游戏平台;借贷出局时平台;投资出局蚂蚁游戏平台;出局蚂蚁游戏平台;《蚂蚁游戏分享交流课程目录大纲》;168%;200%;20%;18.5%;17%;15.5%;14%;12.5%;11%;9.5%;8%;6.5%;5%;18.5%;18.5%
445f3763,新公司;50%;50%
335807f5,小贷公司
a3e71a64,
d4e02af2,
8611c195,中国普惠创富金融典范平台;活力平台;中国人民银行金融研究所互联网金融研究中心;中国华信能源集团;中国华融资产管理公司;中国国务院发展中心
f116f103,单车平台;酷骑公司
681fa0b9,酒链世界平台;腾讯集团
1f18902f,虚构平台;假平台
817c058c,洋钱罐平台;http://t.cn/AijvZGKi
f67b351a,arnofx外汇平台
6f7264a0,
18755436,交易交易所;节点交易所;技术中心;沃特交易所;内交易所;零信任跨交易所;数字资产交易所;中心化交易所;全球交易联盟;区块链交易所;加密货币交易所;中心化区块链交易所;区块链技术开发交易所
88ca49a7,
ffcd7931,金赢策略配资平台;http://t.cn/E6DLzAn
9f0af0d4,泰国LX理财;领秀国际公司;M公司;罗宾逊股份有限公司;罗宾斯股份有限公司;出售股份时平台;双平台;美国顶级服务器公司;金融商业集团;基金联盟;互联网金融理财;金融理财;全球金融理财;30%;50%;52%;54%;56%;58%;60%;6%;7%;8%;9%;10%;10%;6%;7%;8%;9%;10%;12%;2%;3%;4%;5%;5%;5%;0.5%;0.5%;0.5%;0.5%;0.5%;0.5%;100%;100%;100%;100%;100%;100%;100%;25%;10%;90%;65%;90%;30%;90%;5%;10%;25%;10%;25%;25%
e80dc042,佣金平台;南京宁聚信息技术有限公司;100%;100%;100%;100%;20%;40%;20%;20%
710491f8,天创息壤公司;世博会深圳天创息壤网络科技公司;服务型平台;网络科技公司;服务性平台
0603a16e,capstone凯石集团
986734cd,澳洲trademax外汇平台
ef60045b,中国领先会员制社交餐饮平台
766955e1,对冲基金公司
016e6577,
91d178e6,英国tickmill外汇平台
e6d64870,定位网络借贷平台;海航集团;股份有限公司;聚宝汇;原平台;原聚宝汇;网贷易曝光平台;《业务调整公告》;11%
d04b6613,3%
a74c5685,影响力股指期货投资平台;国际背景平台;综合性平台;领先平台;《商品交易法》
3e45073f,《猜涨跌赢大奖》;0.87%;1.06%
494237a9,
d726a20a,
a021929c,手机app;《肖申克的救赎》
3928c326,付鑫联盟;http://t.cn/EPa1In4
4e2ff3b0,交易场所;上海股交中心;https://www.ysslc.com/zhuanti/xianhuo
de90ee21,微信公众平台;河南云之梦网络科技有限公司
a997deb7,
c9505752,
be5767c4,逸富国际期货平台;期货平台;国际期货平台;期货有限公司;金融平台;期货公司;香港交易所
275e367e,配资公司;监管平台;合法黑平台;洛安期货平台;指数投资平台;中国保证金监控中心;联系维权公司;黑平台;期货公司;投资理财;信息三无平台;100%;100%
505906e8,创富国际平台
ce3d934b,互联网平台;计算机互联网平台;电商平台;优维国际金融平台;建设全球运营中心;国际化平台;江西运营中心;运营中心;优维进出口有限公司;金融理财;江西市场运营中心;利用平台;89%
b93aa3dd,个人中心
2033f267,
5734c2f1,博抽奖平台;http://t.cn/E9oLr1A;http://t.cn/E9UJQLE
c78bdf60,众创联盟;豆豆平台;50%;5%;3%;2%;1%;0.5%;05%;5%
b08ceff6,配资服务公司;投资者信赖投资理财;《点睛》;20%
e27d0491,ShareWorld游戏公司;https://facebook.com/ShareWorld;《天天养宠》;《魔法矿工》
957a3407,能源电子商务平台;100%;5%;12.35%
0c7365bd,
7b74552b,老虎汇
e510c088,
9217f01e,
0b1ea1a4,10%
7c199132,小黑鱼平台;100%
eca68ca3,网贷之家;全国P2P网贷平台
9ba1bc35,国际另类资产管理公司;高度多元化全球领先投资管理公司;上市另类资产管理公司;投资集团;瑞银集团;堡垒投资集团;黑石集团;投资项目集团;投资阿波罗全球管理公司;私人股权;美国另类资产管理公司;上市另类投资资产管理公司;旗下基金上市集团;39.7%
fb6635d0,数字货币交易所;50%
8c610546,
156854fc,评鞍山华润万象汇;沈阳华润万象汇;鞍山万象汇
626f646a,
fc0bf1c9,http://t.cn/RDQQAUo;《菩提自贸商城点位盘可靠吗菩提自贸商城什么批文》
8b0cc15f,定期理财;信用贷款理财;种类理财;基金理财;互联网理财;投资理财;资质齐全平台;https://www.ysslc.com/caijing/yaowen
120590e5,加盟公司;90%
6502a073,http://t.cn/AiW6wgdK
f5bdbde2,2%;2%
82ba8d74,
7cfe291f,投资平台;时间理财;94%;20%;2%;20%;20%;40%;28.81%;71.19%;2.27%;97.73%;2%;0.5%;200%;20%;8%;12%;15%;16%;17%;18%;19%;20%;5%;98%
0bf91989,http://t.cn/AiO90GX0
92f04833,通贷理财;http://t.cn/E7tSFqg
e5f778a5,okex交易所
7b93ed06,福建九幺信息技术有限公司;招商中心
0c94dd90,
959d8c2a,合法平台;商品交易中心;LONSHI平台;国际外汇平台;HKRuishuo西澳环球激石集团;群英汇;黑平台;金业世纪集团;投资中心
e29abcbc,782%
7225a12d,
052291bb,报单中心
65e5185e,法援联盟
12e228c8,
8beb7972,
fcec49e4,购物平台
6288dc47,
158fecd1,杭州微众电子商务有限公司
8c86bd6b,投资管理有限公司;互联网金融平台;瞳传媒公司;银行监管资金P2P公司;新闻中心;投资平台;P2P公司
fb818dfd,信集团
6b3e906c,网贷平台;P2P网贷平台;0.64%;0.64%
1c39a0fa,
b5e5c920,钱包STC智能云;智能终端;SumToken钱包平台;启动智能云;启动SumToken钱包智能云;8%;20%;20%;6%;9%;12%;15%;8%;3%;10%;25%;80%;200%;450%;1000%;6%;9%;12%;15%
c2e2f9b6,数据公司;资讯平台
5beba80c,http://t.cn/EAZfleU
2cec989a,
b2880d39,投资理财;投融资平台;信赖互联网投融资平台;https://www.cw.pub/kLah
c58f3daf,
5c866c15,网络借贷平台;互联网金融信息服务平台;P2P平台;悟空理财;《悟空财说》
2b815c83,
bb3e4112,
cc397184,10%;0.1%;0.3%;5%;5%;7%;15%;9%;2%;20%;3%;11%;3%;2%;25%;5%;3%;13%;4%;3%;30%;7%;5%
acfef861,http://t.cn/EIqlxeg
dbf9c8f7,《信披管理办法》
42f0994d,
35f7a9db,安信金控平台;律所消费维权公司;曝光平台;风险理财;重点维权平台;受害人平台;黑平台;投资平台
ab933c78,亚投链平台;https://www.frbbmall.com/erweima/ica;《二台》
dc940cee,《深圳市网络借贷中介机构良性退出指引》
459d5d54,北京悦天使集团
329a6dc2,外网海外置业平台
a2257053,外汇公司
d52240c5,影视文化门户平台;互联网平台;发展平台;标准化专业互联网影视投资平台;信赖互联网影视投资平台;吉林省美缘投资有限公司;融资效率平台;部分股权;300%;1000%
87d3aba2,40%
f0d49b34,机会平台;京城智能投资平台;《2017停车行业发展白皮书》;《白皮书》;0.4%;0.4%;15.0%;3%
69ddca8e,雷盾交易所
1edafa18,视频发给古玩诈骗公司;古玩诈骗公司;新加坡公司;大师公司;诈骗公司;骗子公司;7%;8%;1%;2%;16%;1%;2%
80be6fbb,贷款平台;0.72%
f7b95f2d,投理财
6eb00e97,ICO项目平台
19b73e01,直播平台;白银原油交易所;曝光平台;国际平台;200%;15%;20%
89082390,
fe0f1306,
9ec89ae3,问题平台
e9cfaa75,曝光平台;法务援助中心;受害人平台;投资理财;《资产翻倍计划》;《筹码实战方法》
70c6fbcf,证据证明平台;《通告》
07c1cb59,全球首款区块链游戏生态平台;智能终端;娱乐平台;工作量证明权益证明股权;赛事生态平台;赛事平台;生态平台;公众平台;《绝地求生》;《未来已来横空出世》;51%;95%;30%
99a55efa,
eea26e6c,
77ab3fd6,46%
00ac0f40,香港世纪金业平台;曝光平台;受害人平台;黑平台;金业平台;世纪集团
901312d1,老平台;地产六大支柱经济产业综合国际集团;腾邦国际旗下现货交易平台;现货交易平台;腾邦现货平台
e7142247,贷款平台;贷吉娃娃app;微信借款平台;凭证云;周转传奇元宝app;贷千汇;0.06%
d1890c24,http://t.cn/AiCiiCKy
a68e3cb2,火币交易所
3f876d08,米袋理财
48805d9e,
d6e4c83d,125.67%;12.50%
a1e3f8ab,浙江嘉远微银科技有限公司
38eaa911,温州创润有限公司;10%;10%
4fed9987,技术公司;ecn外汇交易平台;ecn技术服务公司
df528416,
a855b480,台智能云;智能云;云集智能机器人app;5%
c8923d65,
bf950df3,财富实业有限公司
269c5c49,个人中心
519b6cdf,购物平台;1.5%;1.96%;0.4%;6%;2.7%
cffff97c,苹果app;https://zh.eld.club/ref;http://zh.eld.club/ref;https://bitpie.com/android/2
b8f8c9ea,
21f19850,杭州辰展网络科技有限公司
56f6a8c6,移动终端;联网平台;太平洋保险股份有限公司;旗下平台;投资平台;投资有限公司;3%;43.9%;94.9%;111.6%;29.4%;3%;100%;2%;1%
c649b557,
b14e85c1,
e3bf6ea6,订单中心;个人中心;3%
94b85e30,广州花生日记网络科技有限公司
0db10f8a,10%;3%;2%;10%;70%;30%;135%
7ab63f1c,社交电商平台;《淘瞬达社交电商平台》
e4d2aabf,供应链平台;农集团;农供应链平台;天农供应链平台;天农集团
93d59a29,币云
0adccb93,专业理财;融泰宝理财;学会理财;投资理财;客户科学理财;银行融泰宝平台;智能金融服务平台;保险理财
7ddbfb05,合资公司;创业公司;《2018共享单车行业报告》;70%;71%;57%;60%;98%
ed64e694,海航集团;中国海航集团;16%;74%;21%;13%;16%;12%;2%;27%;6.3%;6.1%;16%;74%;21%;13%;16%;12%;2%;27%;6.3%;6.1%
9a63d602,http://t.cn/RyhYBYM
faa45fe7,淘宝电商官方APP平台;腾讯公司;银生活app;电商平台;90%;20%;40%
8da36f71,|http://t.cn/E9NV7vv;|http://t.cn/E9NVhsk
14aa3ecb,
63ad0e5d,
fdc99bfe,
8aceab68,
13c7fad2,风险声明AETOS艾拓思资本集团;https://trust.aetoscg.com/cn/register;《产品披露声明》
64c0ca44,7.7%
f47fd7d5,证明公司;网络科技有限公司;应用价值综合性平台
8378e743,90%;10%
7d3c4328,山东金交中心;7.5%;7.2%
0a3b73be,
93322204,《最高人民法院关于审理非法集资刑事案件具体应用法律若干问题的解释》
e4351292,
7a518731,贷款专员推卸责任公司
0d56b7a7,蜜桃公司
945fe61d,
e358d68b,川贵商品交易中心
73e7cb1a,
04e0fb8c,
64277269,商业模式互联网产业供应链平台;GIT数字资产交易所
132042ff,
8a291345,10%;6%;3%;10%;5%;1%;90%
fd2e23d3,
634ab670,上海虹奥金融信息服务有限公司;普惠金融全民理财;上海隆重召开平台
144d86e6,600%
8d44d75c,平民散户交易理财;平民理财;交易平台;融资平台;金世纪公司;金世纪集团;金融理财;35%;70%;100%;100%;30%;40%;50%;52%;54%
fa43e7ca,收益投资理财;金融平台;投资理财;安盛金融有限公司;工资理财;学会投资理财;科学合理理财;金融理财
6afcfa5b,国内四大交易所
1dfbcacd,嘉盛集团;2%;15.2%;39%;25%;15%
b7a37779,BIKICoin平台;数字币交易所;交易挖矿模式交易所;交易挖矿数字币交易所;模仿者CoinEx交易所;挖矿交易所;数据监测全球交易所;价值平台;老牌交易所;主打交易挖矿交易所;CoinEx平台;交易挖矿模式数字币交易所;交易挖矿交易所;FCoin平台;《后会有期》;96%;96%;50%;96%;1.73%;1000%;80%;100%;50%;75.6%;110%;93.4%;50%;50%;20%
c0a447ef,综合金融服务平台;中信期货有限公司;深圳市福田区中心;代表中信期货有限公司
59ad1655,分销平台;https://www.ysslc.com/caijing/yaowen;5%
2eaa26c3,WAD服务器机房平台;域名平台;区别AITR交易所;P2P理财;发行量太小平台;投资理财;核心优势WAD金融平台;AGK平台;投资平台;WAD平台;领先技术公司;《折扣配套机制》;40%;40%;40%;10%;10%
b0ceb360,http://m.weibo.cn/6628717364/4392487722484100;90%
c7c983f6,旗下理财;投资理财;手机理财;悟空理财;金融理财;草根普通理财;6%;0.5%
5ec0d24c,30%;70%;30%;20%;20%;50%;30%;10%;10%;10%;7%;8%;9%;10%;11%;12%;12%;3%;0.5%;50%;20%;10%;10%;10%;10%;5%
29c7e2da,合法平台;投资平台;光平台;案例平台
b978ff4b,北京嘉盛昌隆商贸有限公司
ce7fcfdd,http://t.cn/RJydydJ
aeb84638,
d9bf76ae,
40b62714,Ternio公司;Ternio区块链公司
37b11782,
a9d58221,东方头条app;中国互联网公司
ded2b2b7,腾邦现货交易中心;http://t.cn/AiKJ9rbo
47dbe30d,海象理财
30dcd39b,外汇理财;投资平台;80%;50%
a063ce0a,
d764fe9c,产品基石平台
859515fb,广告平台;典型操盘手平台;实力实体公司;《全民圈圈》;《租赁朋友圈》;《MyMedia国际发吧》
f292256d,
6b9b74d7,
1c9c4441,代尔公司;服装公司;移动公司;Kripto手机公司;http://www.lian2345.com/info/informationmoreid;20%;24%;17%;44%;30%
82f8d1e2,SBLOCK钱包平台;5%;1%;15%;8%;100%;10%;5%;5%;10%;15%;15%;5%;3%;3%;3%;70%;30%
f5ffe174,借款信息app;0.02%
6cf6b0ce,应急贷款大师app;花花凭证云;借惠花花速想购易借中心;0.06%
1bf18058,盈龙策略平台;http://m.weibo.cn/6634113772/4395483797717853
8b4e9dc9,http://t.cn/EJQt9Sc
fc49ad5f,http://m.weibo.cn/7018482297/4362793010147969
9c8e24ba,MoonX交易所;金融服务平台;传统交易所;欧洲合规数字货币交易所;印度商品期货交易所;亚太股权
eb89142c,西南云;互联网金融平台;网贷平台
72804596,服务云;数据交易所;英平台;办理云;数据平台;合法公司;人梦想中国梦主平台;POS机公司;国家云;功能平台
05877500,P2P平台;合规运营互联网金融信息中介平台;P2P网贷平台;老牌平台
9be3e0a3,贷款平台;小贷公司;0.72%;10%
ece4d035,贷款平台;小贷公司;贷中心;0.72%;10%
75ed818f,
02eab119,
9255ac88,P2P平台;中金贷平台;P2P网贷平台;互金平台;0%;4%;8%;9%;87%;0%;6%;95%;8%;5%;84%;4%;0%;5%;90%;88%;8%;7%
e5529c1e,
d3cfb27d,
a4c882eb,
3dc1d351,国际数字资产交易所;HES氏币建维联盟
4ac6e3c7,Toovan平台;Toovan投资有限公司;AG亚游集团;0.5%
d4a27664,发电天然气集团;50%
a3a546f2,10%;5%;10%;80%;20%;6%
3aac1748,
4dab27de,30%;40%
dd143a4f,
aa130ad9,http://t.cn/Rg8B7un
cad4833c,贷款平台;小贷公司;0.72%;10%
bdd3b3aa,商城奖励平台;2%;2%;2%;2%;3%;3%;6%;2%;3%;5%;5%;6%;9%;2%;3%;3%;6%;2%;2%;3%;5%;2%;5%;6%;9%;3%;2%
24dae210,上线zb交易所;个人中心;实体公司;http://www.youxzvip.com/m/invite;https://fir.im/3p96;《闪货》;5%;2%;1%;2%;2%;4%;4%;3%;20%;15%;10%;1%;10%;10%;8%;3%;15%;10%;8%
53ddd286,人群网贷平台;网贷理财;ios终端;热衷互联网理财;优质平台;人造理财;全民理财;android终端;网贷平台;http://himg2.huanqiu.com/comment/js
cdb94725,
babe77b3,支付宝平台;特公司;数据趣步app;团队公司;新闻中心;趣步app;5%;2%;1%;20%;15%;00%;00%
23b72609,社交平台;社区平台;股投资平台;投资交易平台
54b0169f,http://t.cn/EwSV1aL;http://t.cn/zOXAaic
c40f0b0e,冠亚桂金融总部运营中心;http://t.cn/RglVZTU
b3083b98,传统公司;世界格局集团;文化传媒集团
e1f9d0ff,
96fee069,外汇公司;善心汇;外汇平台;FCA监管外汇平台;外汇资质牌照公司;监管问题平台;行业经验公司;卫士微信公众平台;国内运营公司;监管公司
0ff7b1d3,金融理财;网络科技有限公司;贷款官网app
78f08145,蚂蚁平台;育儿互联网公司;智能计算机视觉算法平台;12%;5%;1%
e69414e6,
91932470,
089a75ca,股票配资平台
7f9d455c,投资理财;尊安益财富中心;投资公司;国内领先金融理财;金融理财;75%
ef2258cd,
9825685b,合法国际公司
f8e2e1be,利用直播平台;50%
8fe5d128,医堂验配中心;承德海纳百川网络科技公司;社会公益平台;专业音响舞美设备多元化传媒公司;芳香世家皮肤护理中心;承德生物科技公司;盛世文化传媒公司;深圳胜科企业管理公司;配镜中心;网络科技公司;承德县电商中心;承德盛世文化传媒有限公司
16ec8092,8%;9%
61ebb004,外汇平台
ff8f25a7,
88881531,
1181448b,区块链数据生态价值平台
6686741d,http://t.cn/RdT3p2f
f639698c,
813e591a,投资者联系平台
7f7afd71,经济消费平台;营销管理有限公司;《武林风》;《武林笼中对》;《拳新一代》
087dcde7,http://t.cn/rdiufpq
91749c5d,http://t.cn/R2WxOVh
e673accb,微信平台
78173968,票据理财;银票网理财
0f1009fe,通州区南通市通州区银达农村小额贷款有限公司
96195844,借款信息app;0.02%
e11e68d2,线下公司;网贷之家;双app;安卓app;互联网金融平台;苹果app;尚凌投资有限公司;http://news.iqilu.com/shandong/shandonggedi;http://www.ccsltz.com/i/9lm
71a17543,
06a645d5,
6661cc30,贵金属投资交易主营业务公司;安信金控有限公司;领军平台
1166fca6,网络借贷平台;互联网金融信息服务平台;P2P平台;悟空理财;《悟空财说》
886fad1c,资产管理公司;国信资产管理有限公司;沈阳国信资产管理有限公司;沈阳嘉汇投资咨询有限公司;《光天化日》
ff689d8a,上线币盈联盟;火币全球领先数字资产交易所;利用平台;币盈联盟;https://reg.bewin.one/app/download
610c0829,网贷公司;贷款公司;刷单平台;网购平台;99.99%
160b38bf,100%;14.892%;99%
8f026905,币盈联盟;https://invite.vhmvxk.cn/index;35%;35%;15%;7%;5%
f8055993,5%
68ba4402,热门投资理财;BFS牛汇平台;《热门投资理财好平台推荐BFS牛汇平台易信》
1fbd7494,http://t.cn/ExJNuJE
b6611d4e,http://www.8btc.com/filecoin;https://github.com/ipfs/roadmap;https://filecoin.io/blog/update;https://filecoin.io/blog/getting;12%
c1662dd8,霍城指南影业有限公司;顶级影视文化平台;原告北京荣耀金生环球影视文化有限公司;被执行人北京荣耀金生环球影视文化有限公司;娱影业有限公司;被申请人北京荣耀金生环球影视文化有限公司;防骗大联盟;北京荣耀金生环球影视文化有限公司;8%;9%;10%;5%;5%;10%;5%;10%;15%;10%
586f7c62,
2f684cf4,
b10cd957,80%;75%;90%;80%
c60be9c1,ERP公司;互联网公司;电商平台
5f02b87b,
280588ed,westarfx维盛资本外汇平台
b8ba957c,药房有限公司;http://t.cn/z8AILlr
cfbda5ea,系统app;上线区块链平台;《时空夺宝》
af7a2c0f,棋牌平台
d87d1c99,
41744d23,嘉盛集团;LMAX交易所;双方公司
36737db5,购物省钱平台;花生日记app
a817e816,P2P理财
df10d880,了嘉盛集团;嘉盛集团;优质股票交易平台;MT5平台
4619893a,
311eb9ac,类型平台;配资公司;曝光平台;符合条件平台;维权公司;85%;45%;70%;20%;30%
a1a1a43d,银行理财;富数科集团;旗下悟空理财;港交所场所;悟空理财;互联网金融服务品牌悟空理财
d6a694ab,互联网投资互联网理财;币理财
84577fcc,
f3504f5a,曝光平台;律所消费维权公司;维权专员曝光卓润财经平台;60%;10%
6a591ee0,瑞波平台;零售平台;Uphold平台;https://ripple.com/insights/xrp
1d5e2e76,
833abbd5,候长锋公司;深圳市先明信息咨询有限公司;骗子公司
f43d8b43,
6d34daf9,精品软件平台;销售平台;新闻中心;好友宝app;好友宝上百款软件商城app;43%;00%;00%
1a33ea6f,
8a8cf7fe,https://bter.com/trade/bitusd;https://bter.com/trade/btc
fd8bc768,启动公司;新知集团;星球集团;娇子集团;《企业线上项目启动计划书》;100%
9d4c4e8d,软件app;《遇见你之前》
ea4b7e1b,资金部分平台;弘信策略平台;监管平台;个别平台;违法平台
73422fa1,《实施办法》;《企业年金基金管理办法》;《上海证券交易所科创板股票发行与承销实施办法》;《保险资金运用管理办法》;60%;70%;70%;80%;50%
04451f37,
9a218a94,0.35%
ed26ba02,
742febb8,购物平台;大牌公司;生活公司;15%;30%;40%;95%
0328db2e,运营中心;交易流通公司;80%;1.2%;80%;80%;1%;10%;100%;8%;2%
9397c6bf,用户理财
e490f629,专业竞技平台;https://cn.acyasia.com/landingpage/aug2018democontest
d20dd84a,
a50ae8dc,有融网平台;http://m.weibo.cn/1228867321/4370898758272770
3c03b966,朋外汇云;70%;90%
4b0489f0,乐店云
d5601c53,
a2672cc5,信贷平台;年老资历平台;合规网贷平台;网贷平台;网络借贷信息中介平台
3b6e7d7f,关联方公司;关联股东广州瑞丰集团股份有限公司
4c694de9,http://m.weibo.cn/3120845115/4344333824274134
dcd65078,图片中心;博亞娛樂有限公司;20%;50%
abd160ee,http://t.cn/RVJkCWs;60%;30%
cb16e90b,购物平台;1.5%;1.96%;0.4%;6%;2.7%
bc11d99d,通贷APP理财;通贷理财;http://t.cn/EoknuE7;http://t.cn/R2WxkSP
25188827,mt4外汇交易平台;omt4外汇交易平台;外汇交易平台;《mt4外汇交易平台的五大特色及其受欢迎的原因》
521fb8b1,科学理财;社交平台;《华尔街日报》;0.2%;80%;36%
cc7b2d12,购物平台;1.5%;1.96%;0.4%;6%;2.7%
bb7c1d84,
22754c3e,新闻中心;投资理想家园金融投资理财;20%;1%;5%;1%;15%;30%;1%;15%;1%;00%;00%
55727ca8,土木金华信息科技有限公司;新零售平台
c5cd6139,现货财经理财;黄金外汇投资理财
b2ca51af,
e03bbac8,
973c8a5e,100%
0e35dbe4,改变命运平台
7932eb72,投资人小公司;外汇期货平台;合规外汇平台;私人账户汇;监管机构小平台;诈骗公司
e7567ed1,网约车平台
90514e47,恒利金业平台;曝光平台;投资平台
09581ffd,http://t.cn/EXxDdpR
7e5f2f6b,中国公司;美国十大移动电商平台;C2C二手交易平台;电商平台;60%;70%
eee032fa,
99e7026c,
f9208b89,交易中心财务中心;公告中心
8e27bb1f,
172eeaa5,普罗米集团;云南省外汇投资平台;企业优势EnterpriseAdvantage云南省领先外汇投资平台
6029da33,配资平台;问题平台;1.8%;108%;105%;0.15%;0.1%;1.8%;1.8%;1.8%;1.8%;1.8%;1.8%;1.6%;0.1%
fe4d4f90,E路商城平台;诈骗公司;监管黑平台
894a7f06,
10432ebc,独资电子科技公司;PTFX普顿黑平台;电子科技有限公司;PTFX普顿公司;普顿Pruton公司;电子科技公司;PrutonMegaBerjangka公司
67441e2a,内置交易所;全球矿池联盟;互联网平台;上线内置交易所;全球区块链矿池联盟;新闻网发展规划全球矿池联盟;全球交易所;总结全球矿池联盟;70%;90%;50%;50%
f7fb03bb,
80fc332d,
7eb89746,梦想联盟
09bfa7d0,欧芮乐公司;卡连弗集团;客源公司
90b6f66a,下单平台;电商平台;APP平台;购物平台;佣联盟;腾讯公司;云店互联网平台;商品平台;云店平台;80%;1%;1%;2%;1%;1%;2%;30%;30%;20%;20%
e7b1c6fc,加工有限公司
79d5535f,p2p网贷平台;P2P理财
0ed263c9,优质平台;运营平台;监管规定网贷平台
97db3273,商业模式雷顿投资管理公司;雷顿投资管理有限公司;由雷顿投资管理有限公司;雷顿投资管理公司;消费服务业中心;多元化资产管理公司;资产管理公司
e0dc02e5,
70631f74,链游戏社交平台;科技有限公司;游戏社交平台;2%;8%;10%;5%;5%;3%;10%;1%;3%;5%
07642fe2,锁粉杭州娃哈哈集团;杭州娃哈哈集团;娃哈哈集团;娃哈哈公司;报单中心;《纤巧》
67a3a607,全球领先数字金融交易所;火币集团
10a49691,视频平台;特产电商平台;互联网平台;电商平台;股份有限公司;B2B2CO2O模式电商平台
89adc72b,http://t.cn/EGc2DE2
feaaf7bd,一体媒体平台
60ce621e,巨头交易所;400%;1300%;20%
17c95288,交易中心有限公司;100%
8ec00332,康果食连锁有限公司;90%
f9c733a4,资格公司;诈骗集团;京师铭仁教育咨询公司;电子商务公司;http://www.zhihu.com/question/28553303;http://www.zhihu.com/question/28553303;8%;43%
69782e35,风投公司
1e7f1ea3,网贷平台
b32e0bcb,广告平台;营销平台
c4293b5d,淘宝平台;商城app;链豆app;20%;20%;20%;10%;20%;15%;20%;15%;10%;4%;2%;10%
5d206ae7,http://t.cn/EXxSkNn;《酒链世界赚钱购软件开发酒链世界赚钱购app源码搭建》
2a275a71,
b443cfd2,国内领先理财;安全性收益性理财;投资理财;用户资金平台;融资效率平台;合理投资理财;高品质理财;100%
c344ff44,gs游戏理财;《gs游戏理财系统》
5a4daefe,K福彩平台;http://t.cn/RU9p4FF
2d4a9e68,小狗钱钱平台;小狗钱钱理财;P2P网贷平台;上海隆培资产管理有限公司;20%
bdf583f9,
caf2b36f,米袋理财
aa353a8a,《霸王》;10%;80%
dd320a1c,整体平台;电商平台;社交电商公司;品牌公司;吴召国思埠集团;董事长思埠集团;广东思埠集团;福利平台;专业平台;圈层电商平台;集市CEO思埠集团;顶级电商公司;现任电商平台;金融理财;现任广东思埠集团;同类平台;电商购物平台;互联网公司;母婴公司;价值全品类圈层电商平台;传统电商平台;社群福利平台;6%;35%;6%;35%;6%;35%;6%;35%;6%;35%;6%;35%;6%;35%;6%;35%;20%
443b5ba6,评估平台
333c6b30,财富地图app
ad58fe93,
da5fce05,美国芝加哥商业交易所;基金平台;老师团队利用公司;芝加哥商业交易所;期货公司
43569fbf,票券公司
3451af29,客户平台;流向平台;不法平台;贵州国际商品交易中心;资金平台;50%
a4eeb2b8,http://t.cn/R5H6uBg
d3e9822e,全球领先数字资产交易所;公告中心;ATTEX数字资产交易所;50%;20%;10%;10%;5%;5%;70%
81186949,http://t.cn/R2dUgAY
f61f59df,
6f160865,任性贷为苏宁金融服务有限公司
181138f3,
8675ad50,资产管理有限公司
f1729dc6,联系理财;合法趋势平台;券商外汇理财;外汇理财;券商理财;国际集团;外汇金融理财;投资理财;券商平台;概念外汇投资理财;QCMG理财;10%;0.5%;10%;0.5%;10%;10%;5%;3%;2%;0.5%;0.2%;0.2%
687bcc7c,V平台;《芒果大V》;100%;10%;100%;50%;25%
1f7cfcea,MALAFY平台;黑平台;光平台;人联系MALAFY平台
8fc3e17b,贵金属交易所;安信金控有限公司
f8c4d1ed,
98035808,活期理财;14%;58%;97%
ef04689e,联储数字资产投资者利益最大化存储平台;国际网络营销公司;http://business.sohu.com/20181106/n554498381;http://business.sohu.com/20181106/n554498381
760d3924,上市集团;委托区块链集团;数字货币亚洲国际金融自由贸易区有限公司;亚洲国际金融自由贸易区发展有限公司;码链联盟;中国中心;区块链集团;中国坪山茶业集团;20%;1.20%;10%;10%;50%;50%
010a09b2,投资理财;个人理财;投资公司;学会投资理财;人们信任理财
9f6e9c11,网贷之家;考验平台;网贷平台;《网络借贷信息中介机构业务管理暂行办法》
e869ac87,个性化app;互联网公司
7160fd3d,投资经纪公司;外汇交易平台
0667cdab,充提币大交易所;钱包内置交易所;https://www.dogx.dog/DOGX;https://github.com/MichelAncelDOGXWALLET;10%;5%;15%;70%;0.5%;1.5%;10%;20%;30%;100%;10%;9%;8%;7%;6%;5%;4%;3%;2%;100%;10%;9%;8%;7%;6%;5%;4%;3%;2%;2%;3%;6%;9%;5%;1%
96d8d03a,信息中介平台;物权众筹平台;网络借贷平台;《中华人民共和国物权法》
e1dfe0ac,14.13%;10.61%
d742cecf,省APP优惠券平台;省app;http://t.cn/R2WxRdx
a045fe59,金大宝app;99%;100%
394cafe3,诈骗公司;骗子公司
4e4b9f75,http://t.cn/Rr5xiZm
d02f0ad6,顶级交易所;国际时尚产业联盟;雷达交易所;https://etherscan.io/tokens;《瑞波币》;《量子链》;《莱特币》;《以太坊》;《小蚁股》;《比特币》;52%;31%;10%;5%;2%;11%;17%;24%;31%;17%;6%;0.2%;6%;7%;12%;12%
a7283a40,博旅理财
3e216bfa,食品有限公司
49265b6c,浙江卓鼎信息技术有限公司
d99946fd,OTC交易场所
ae9e766b,http://t.cn/Ailr7me5
ce59ff8e,
b95ecf18,事电子商务有限公司;惠头条app;任务中心;网络科技有限公司
20579ea2,
5750ae34,
c9343b97,投资理财
be330b01,专业理财;资讯内容媒体平台;10%
273a5abb,H平台;http://m.weibo.cn/7230876597/4394721432908202
503d6a2d,98.5%
c08277bc,靠谱平台;通贷理财;通贷平台;通贷公司;P2P网贷平台
b785472a,贷款平台;小贷公司;0.72%;10%
e574ac4d,
92739cdb,10%;10%;5%;5%;5%;5%
0b7acd61,个别小额贷款平台;贷款平台;小额网贷平台
7c7dfdf7,方式平台;东霖国际集团;http://t.cn/EhUSzQG
e2196854,http://www.vtuase7.cn/app/index;https://fir.im/17bn;http://t.cn/R3RvcHR
951e58c2,专业理财;杜绝平台;大额理财;零钱理财;俞丰财富平台;俞丰财富理财
0c170978,会员投资理财;券商公司;券商外汇理财;靠谱券商平台;外汇活期理财;券商平台;证券商外汇投资理财;东霖国际集团;50%;0.5%;1.5%;15%;20%;0.5%;1.5%;15%;20%
7b1039ee,外汇平台
ebaf247f,
9ca814e9,江苏吉信甘油科技有限公司;钱旺集团;数字版画平台
fc6f9d0c,
8b68ad9a,
1261fc20,通通理财
6566ccb6,淘宝平台;20%;20%;20%;2%;10%;10%
fb025915,曝光平台;投资理财;黑平台;违规平台;期金管家平台
8c056983,
150c3839,
620b08af,
f2b4153e,路平台
85b325a8,http://t.cn/EM7yI9b;http://t.cn/EM7yI9Khttp
7bf781c3,大众创业平台
0cf0b155,北京西城区马连道世纪茶贸中心;1.27%;1.15%;1.69%;84%;400%;80%
95f9e0ef,熊猫环球游戏商业生态平台;区块链平台
e2fed079,
7c9a45da,
0b9d754c,http://m.weibo.cn/2882454960/4318580923036207
929424f6,选型平台;机器人有限公司;数据公司;证券日报传媒股份有限公司;培训服务公司;战略投资投资方金信诺卫星互联网企业杭州星速科技有限公司;STEAM教育科技教育公司;新加坡公司
e5931460,外汇平台;监管平台;代客理财;违规公司;期货交易场所;外汇交易平台;股票配资公司;证明平台;投资平台;20%
752c09f1,上海金祁文化艺术交流公司;黑心平台;NFA0506681对应平台;黑平台;国际平台;0%;0%
022b3967,链豆平台;50%;10%;20%;20%;1%;10%;1%;15%
62ecb082,
15eb8014,
8ce2d1ae,网络联盟;30%
fbe5e138,
6581749b,http://t.cn/AiWKzQ2Ghttp
1286440d,小时公司;币期货交易平台;中铁电气化铁路运营管理有限公司;《重庆职业教育网络建设与应用研究》
8b8f15b7,http://m.weibo.cn/7241608981/4397169178463704
fc882521,
6c3738b0,瑞联盟
1b300826,http://t.cn/RkrpsW4
b2ec61fc,创业公司;游戏公司;《倩女幽魂》;《流星蝴蝶剑》;《逆水寒》
c5eb516a,
5ce200d0,
2be53046,VV农场游戏理财;15%;15%;70%;30%;10%;10%;70%;30%
b581a5e5,
c2869573,消费者联盟;原料消费者联盟;优惠券消费者联盟;优惠券app;12.5%;12.5%
5b8fc4c9,投资理财;国内领先金融理财;玮东投资平台;3.18%;10%;10%;100%
2c88f45f,课程平台;小白理财;尝试理财;互联网公司;简七小白理财;简七理财;粉丝理财;权威理财;条理财;金融平台;靠谱理财;网易云;《2018中国养老前景调查报告》;《好好赚钱》;《真情假爱》;55%
bc37e9ce,http://t.cn/EcIp6j5
cb30d958,服务专业公司;电子科技有限公司;电子有限公司;71.9%;5%;10%;78.8%
abf750bd,金管家app;5%;100%;15%;35%;5%
dcf0602b,
45f93191,霍特币app;官方平台;《无问西东》;2%;1%;0.5%;0.5%;0.3%;0.3%;0.1%;0.1%;0.1%;0.1%;20%;15%;10%;5%
32fe0107,区块链综合应用平台;http://m.weibo.cn/2915842647/4361489663484119
ac9a94a4,ico时代交易所
db9da432,电商平台
4294f588,http://t.cn/Ew9mzdm
3593c51e,顶级分布式应用平台
a52cd88f,股指期权交易场所;hdi平台
d22be819,中心化理财;骗子公司;成公司;https://fir.im/luckyzodiac12https;https://fir.im/Luckyzodiac12https;https://fir.im/luckyzodiacgame12https;5%;5%;2%;15%;9%;5%;12%;10%;20%;23%;5%;8%;5%;3%;8%;15%;9%;5%;12%;10%;20%;23%
80da037e,
f7dd33e8,佣金实体公司;100%;1.5%
6ed46252,上线平台;2287%
19d352c4,财产保险股份有限公司;贷款平台
87b7c767,投资公司;http://t.cn/z8AN1Vw
f0b0f7f1,模式app;养殖理财;《活着》;0.5%;0.5%;5%;5%;10%;0.1%;0.4%;0.1%;0.9%;1.3%;10%
69b9a64b,潍坊谷菲生物科技有限公司;潍坊谷菲公司;潍坊谷菲生物公司;谷菲国际集团;10%;5%;3%;2%;1%;10%;10%;1%;1%;1%;2%;3%;4%;5%
1ebe96dd,经营一体服务化运作公司
8e018b4c,80%;1.04%
f906bbda,礼德财富平台;金融信息服务有限公司;沙小僧平台;仲裁委托书礼德财富平台;信融财富平台
99c1323f,http://m.weibo.cn/6500488525/4396431290512159
eec602a9,代客理财;不法平台;个别平台;受害人平台;黑平台;证明平台;配资平台;投资平台;国际平台
77cf5313,优惠券平台
00c86385,
9eacf626,
e9abc6b0,调查加密交易所;mxc交易所;ftx交易所
70a2970a,行业平台;靠谱平台
07a5a79c,抗生素美罗国际公司
971aba0d,链接平台;电商平台
e01d8a9b,贷款平台;小贷公司;0.72%;10%
d680a4f8,
a187946e,玩客云;上线交易所;迅雷玩客云;https://t.me/xiduoshuobiofficial;80%;90%;95%
388ec5d4,https://www.huxiu.com/article/251396;88%;5%;40%;40%;51%;51%;51%;51%
4f89f542,债理财;基金管理公司;嘉实基金管理有限公司;《基金高管面对面》;768.11%
d1ed60e1,中介公司;波月子中心;月子中心;中国中介公司
a6ea5077,投资理财;互联网金融平台;青岛城市建设投资集团
3fe301cd,
48e4315b,零售平台
d85b2cca,个人中心;BKEX币客交易所;MyEtherTrust平台;流通平台;币豪交易所;中心化交易所;币君交易所;http://dito.vrsoy.com/home/users;https://www.coinclub.global/airdrop/PTc1vI0KAXDJZAoXXQIi;http://h5candy.youdeal.io/bj/YDx942f8b3173396f09;http://nps.5iyg.cc/i/rxUWsnez;https://www.cnhkcoin.com/account/registeruid;https://faxport.io/wechat/candyr;100%
af5c1c5c,福建盛世通宝网络科技有限公司
cf9b95b9,
b89ca52f,投资理财;7.4%;8.3%;7.4%;8.1%;8.3%
2195f495,
5692c403,TKP品川会议中心;38.4%;239%
c8f651a0,
bff16136,http://m.weibo.cn/5206861745/4259080819758473
26f8308c,个人理财;30%;40%;2.5%;400%;6%;10%;2%;5%
51ff001a,佛罗米科技有限公司
c1401d8b,鸡平台
b6472d1d,
e4b6c67a,国内领先互联网公司;配资公司;网络股票配资平台;鑫恒盈股票配资平台
93b1f6ec,用户中心;用户体验传统金融平台;火眼云
0ab8a756,商业规模应用平台;区块链底层平台;http://www.moniu.com/2977;15%
7dbf97c0,投资平台;维权公司;个别平台
e3db0263,所处菲律宾办公场所;http://t.cn/EVUuMlw
94dc32f5,农村销售终端;加盟平台;零售云;电商平台;http://www.sohu.com/a/250889961;90%
0dd5634f,FMA警告中国公司;运营公司
7ad253d9,黑幕大爆光裕吉国际mt4欺诈平台
ea6d4e48,
9d6a7ede,车智汇蔡冰洪全国招商车智汇app;车智汇智能终端;智慧城市发展联盟;智能终端;中国智慧城市博览会;联网平台;车智汇app;车智汇;bikin88车智汇app;95%
fdadf73b,贵州国际商品交易中心
8aaac7ad,时代标准互联网平台
13a39617,人人爱家金融用户资金平台;金融科技平台;人人爱家金融平台;34%;27%;56%;44%;100%
64a4a681,10%
fac03322,4.35%;81%
8dc703b4,投资理财;金融理财;1.5%;3%
14ce520e,房产平台;资阳大众网房产平台;全民经纪人资阳大众网安岳房产平台;安岳办公室房产营销平台
63c96298,专业理财;资讯内容媒体平台;http://www.sohu.com/a/285025309;10%
f3767f09,合规平台;金融信息咨询服务公司;时间P2P平台;注册资金网络借贷平台;P2P平台;原因平台;智能金融服务主体金融科技平台
84714f9f,http://m.weibo.cn/5206861745/4256323627465564
7a35ebf4,
0d32db62,http://t.cn/Ai0UnkYG
943b8ad8,中融民信理财;http://m.weibo.cn/1345280835/4358559787584214
e33cba4e,0.020%;0.020%
7d582fed,
0a5f1f7b,惠花花app;应急贷款大师app;花花凭证云;借惠花花速想购易借中心;惠花花中心;0.06%
93564ec1,药房有限公司
e4517e57,东方金融诈骗公司
74ee63c6,考究平台;有力监管黑平台;NFA0506681对应平台;外汇平台;豪根国际平台;黑平台;国际平台
03e95350,
632edab5,美缘影视理财;信赖互联网影视投资平台;美缘影视平台;投资平台;部分股权;《延禧攻略》;《西虹市首富》;300%;1000%;4.65%
1429ea23,恒通资讯app
8d20bb99,《证券法》;40%;70%
fa278b0f,
64431eac,投资理财
13442e3a,http://m.weibo.cn/6588157736/4289902415865211
8a4d7f80,网上消费公司
fd4a4f16,监督公司;砖平台;众筹平台
6df55287,商品交易所;CPA安晴仙女味壳公司;http://m.weibo.cn/5410812001/4309424980011100
1af26211,
b0aadfa5,业务中心;润泽国际家族财富管理集团;世界顶级海外保险集团;活动开场润泽国际家族财富管理集团;润泽国际集团
c7adef33,影视资源平台;影视平台;影视会员出售平台;80%;8%;80%;8%;90%
5ea4be89,
29a38e1f,汇银国际平台;曝光平台;符合条件平台;类型平台;85%;45%;70%;20%;30%
b7c71bbc,传播平台
c0c02b2a,瑞联盟
59c97a90,
2ece4a06,海慧通平台;合法平台;合法qi诉平台;单诈骗团伙平台;曝光平台;维权公司
be715797,
c9766701,星云农场平台;10%;1%;1%;30%;0.5%;2%;40%;5%;30%;15%;10%
a9b1eee4,3%;2%
deb6de72,金诚集团;母公司金诚集团
47bf8fc8,传统公司;Plustoken上交易所;贸易平台
30b8bf5e,深圳小马资本管理有限公司;小马资本深圳小马资本管理有限公司;运营公司;36%;8%;12%;0.5%
aedc2afd,贷款平台
d9db1a6b,http://t.cn/RgRquFY
40d24bd1,投资平台;国际商品交易中心
37d57b47,
a76a66d6,游戏平台;基金公司;区块链理财;全球多元化资产管理公司
d06d5640,
829cbd27,《2018年国庆长假微信数据报告》;80%;20%;0.2%;100%;80%;80%;80%;20%;80%
f59b8db1,骗人平台;木轩平台
6c92dc0b,区块链数据平台;SWFTC速币SWFTPay平台
1b95ec9d,
85f1793e,路理财;大象国际合伙理财;创新性理财;过度理财;投资理财;个性化理财;科学合理理财
f2f649a8,http://t.cn/Ai0dgRyU
6bff1812,网络理财;互联网金融平台;西南云;状态牛牛理财;合规理财;投资平台;网贷平台;13%
1cf82884,币种钱包app
8c473515,
fb400583,
9b878c66,http://t.cn/RgQy58R
ec80bcf0,个人中心;2.5%;30%;35%;35%;15%;5%;10%;30%;35%;1%
7589ed4a,白名单交易所;香港CEO交易所;http://www.vdsvollar.com/VDS;http://u6.gg/sn4vHVDS;http://uee.me/aSyj2VDS;http://uee.me/aSyjPVDS;http://c7.gg/f27aSVDS;http://c7.gg/f27bbVDS;http://c7.gg/f27bDVDS;http://u6.gg/sn4uM12;100%
028edddc,微信平台;营销平台;唐山微众商贸有限公司
9cea487f,
ebed78e9,投向吉运集团;深圳南山区公安局距离公司;宝与吉运集团股份有限公司;金融交易所;商城异化理财;违规平台;科技有限公司;非上市公司;宝平台;加盟阳光保险集团;委托吉运公司;空壳公司;吉运集团;荷兰国际集团;吉运公司;宝与吉运公司;资金亏空资金池公司;战略合作伙伴吉运集团;宝APP平台;重点检查公司;小额贷款公司;信息中介平台;宝公司;宝和吉运集团;腾讯网络媒体平台;博实公司;车主理财;网贷平台;一家子公司;深圳五岳天使投资管理有限公司;P2P平台;深圳市冲石股权;《债权转让合作协议书》;《融资租赁合同》;《腾讯系创业人物风云榜》;《网络借贷信息中介机构业务活动管理暂行办法》;《债权转让合作协议》;《应收账款转让通知书》;《债权转让协议书》;《协议书》;38.82%;17.65%;14.76%;8.82%;7.06%;6.18%;5%;6%;8%;9%;10%;11.25%;8%;9%;10%;10%
72e42953,科技集团
05e319c5,
955c0454,互联网金融平台;互联网理财;手机app;热门理财;财富公司;风险互联网金融平台;投资有限公司;4%;3.80%;2%
e25b34c2,投资理财;全民外贸平台;背景全民外贸平台;贸易有限公司;《售后承诺书》;《服务模式公告》;1.2%
d4c61aa1,
a3c12a37,http://t.cn/AiWenqFv
3ac87b8d,数字货币交易所;级别平台;巨人集团;加密数字资产交易所;GW公司;密币交易所;引力波科技有限公司;公信力交易所;综合平台;投资理财;流通密币交易所;深圳文化产权交易所;Gate交易所;《贵阳区块链发展和应用》;《引力币基本运行法则白皮书》;3%;50%;10%;80%;10%;20%;20%;10%;10%;10%;80%
4dcf4b1b,http://t.cn/AiWVvgLn
d3abdeb8,
a4acee2e,POW矿币交易所;CoboWallet交易所;Ycash基金会Citex交易所;https://www.ycash.xyz/the;https://medium.com/YcashFoundation/announcing;20%
3da5bf94,東方资讯app
4aa28f02,区块链平台;60%;36018%
da1d9293,同类型平台;河南安之客网络科技有限公司;电商平台
ad1aa205,
cddd2be0,诈骗平台
bada1b76,中安民生公司
23d34acc,上海小额贷款有限公司;6%;10%;10%;10%
54d47a5a,期货交易平台;期货平台;100%
cab0eff9,网络理财;收益平台;杭州世舟投资管理公司;意向投资理财;投资理财;世舟之家;100%
bdb7df6f,1%;2%;3%;4%
24be8ed5,英皇集团
53b9be43,
c306a3d2,社交电商平台;淘宝天猫电商平台;91%
b4019344,
e6f07823,太阳链交易所;http://t.cn/EyR5fPA
91f748b5,AJP平台;外汇交易所;外汇交易平台;100%;113%
08fe190f,假平台
7ff92999,
e19dbc3a,http://m.weibo.cn/6492555552/4329364839621912
969a8cac,
0f93dd16,
7894ed80,国资背景平台;互联网金融服务有限公司
e82bf011,
9f2cc087,亏损公司
ffeb4962,理由云;英公司;外国公司;20%;20%
88ec79f4,社交平台
11e5284e,
66e218d8,期限理财;鑫理财;12.9%;11.4%;4.31%;7.01%;10%;36.9%;20%;37.6%;40%
f8868d7b,《卡盟金服》
8f81bded,项目安徽兴润科技公司;咨询QWE1819476684公司;2%;2%;10%;5%;3%;1%
1688ec57,新闻中心;EbNXAsM电暖公司;http://t.cn/EbNXAsM;http://t.cn/EbipJly;80%;45%;90%;00%;00%
618fdcc1,区块链平台;35%;30%;40%;45%;50%
f130c150,东方花旗证券东方花旗证券有限公司;东方证券股份有限公司;http://www.citiorient.com/index/recruit
8637f1c6,矿机平台;30%
787355ad,国内外汇公司;美国外汇公司;经纪商平台;外汇平台;外汇理财;区分平台;投资理财;合法公司;监管投资平台;中国外汇公司;部份外汇平台;3550%;51%;46%;5%;19.7%;80%;20%;70%;40%
0f74653b,线文化传媒有限公司
967d3481,
e17a0417,车民集团;车铭集团
7f1e91b4,小黑鱼南京途牛金融信息服务有限公司
0819a122,
9110f098,运营四大公司;腾讯国内外巨头公司;游戏平台;SuperVR国际集团;SuperVR投资平台;VR国际游戏公司;VR国际众筹平台;VR国际人工智能公司;股东VR国际投资平台;VR国际集团;全部消化平台;SuperVR公司;科技公司;VR国际风投公司
e617c00e,企业公司;投资理财;投资基金管理有限公司;投资者投资理财
76a8dd9f,大团购平台;涿州市草根电子商务有限公司;电商平台;区域运营中心;工匠清货公司;开店基金公司;县域电商平台;工匠清货平台;品牌方公司;o2o电商平台;优惠券APP平台;80%;20%;30%;50%
01afed09,骗子平台
616864ec,
166f547a,
8f6605c0,钱包内置交易所;全球交易所;20%;10%;10%;20%;20%
f8613556,https://www.xunq.net/news/info;http://shujin168.com/web/gonggaoDetail
6605a0f5,币交易所;矿工费用Btcbox平台;BtcBox交易所;60%;40%;0.2%;0.2%;0.2%;0.2%;0.2%;0.2%;0%
11029063,http://t.cn/aiogjsq5
880bc1d9,网贷平台;样本平台;私人理财;100%
ff0cf14f,
6fb3ecde,实际理财;公众平台
18b4dc48,网络科技公司;运营中心;产业联盟;指尖娱乐app
b168b592,
c66f8504,
5f66d4be,贷款平台;92.33%;0.72%
2861e428,诈骗公司
b605718b,资金支持者平台;旅游集团;颠性平台;0.1%;0.15%;0.2%;0.3%;30%;0.6%;0.7%;0.8%;0.9%;1%;1.5%;2%;3%;20%;3%
c102411d,
580b10a7,
2f0c2031,
bfb33da0,
c8b40d36,金融理财;全球顶尖科技公司;行列科技公司;1%;1%;1%;7%;7%;6%;7%;6%;5%;7%;6%;5%;4%;7%;6%;5%;3%;7%;6%;5%;3%;2%;7%;6%;5%;3%;2%;1%;7%;6%;5%;3%;2%;1%;0.2%;1%;1%;1%;1%;1%
a87384d3,宜思资本平台
df74b445,43%
467de5ff,投资理财;金博地理财;尚凌投资管理有限公司
317ad569,战略联盟;互联网平台;龙发装饰集团;杭州国脉电信服务有限公司;云南美旗农业科技有限公司;客服中心;《鸟窝灯塔鲜花助残就业计划》
af1e40ca,
d819705c,央行贸易金融区块链平台;AEX平台;AEX理财;https://www.aex88.com/page/financing;18%;30%;100%
411021e6,外汇平台
36171170,VIP会员公司;http://t.cn/AiO3N8Wp
a6a80ce1,钱包STC智能云;启动SumToken钱包智能云;启动智能云;8%;20%;20%;6%;9%;12%;15%;8%;3%;10%;25%;80%;200%;450%;1000%;6%;9%;12%;15%
d1af3c77,矿机理财;币矿机理财;http://t.cn/Efsm4Mx;《智能链AIL虚拟币矿机理财模式开发》
835ed710,vpay理财;流通公司
f459e786,
6d50b63c,
1a5786aa,省钱小宝平台;携程app;淘宝商品优惠券平台;新手中心;初创平台;99%;22%
84331309,跨境电商平台
f334239f,定期理财;投资理财;甜橙理财;高风险小伙伴定期理财;4.3%;5.0%;4.1560%;4.3%;5.0%;4.156%;6.6%;5.2%
6a3d7225,《京贷金服良性清盘退出公告》;6%;10.66%;8%;4%;7.5%;10%
1d3a42b3,
8d855f22,贷款平台;黑鱼导流高炮平台;高炮平台;貔犰商务咨询有限公司;司库财经平台;借款平台;顶风导流高炮平台;1000%;1000%;785%;36.5%;36%;785%;36%;100%;36%;1000%;975%;975%;1000%;30%;42.86%;43%;1000%;1000%
fa826fb4,实体公司
9a45e651,优品汇;购物平台
ed42d6c7,
744b877d,课程平台;小白理财;简七小白理财;粉丝理财;金融平台;网易云;《好好赚钱》;《小白理财训练营》
034cb7eb,当红黄金投资理财;互联网黄金特色理财;上海期货交易所;黄金流动性问题理财;黄金钱包平台;互联网金融平台;1.56%
9d282248,智能众筹平台;上各大交易所
ea2f12de,湖南坤海新能源投资管理有限公司;常德市立信投资管理有限公司;投资坤海公司;51%;49%
73264364,31%
042173f2,jhfore外汇平台;jhfore公司
949e6e63,小贷公司;长江集团
e3995ef5,爱心企业代表北京罗麦科技有限公司;生物科技研发有限公司;北京罗麦科技集团;物流有限公司;北京罗麦科技有限公司;北京易麦通电子商务有限公司;营养食品研究有限公司;北京美诺益康保健食品有限公司;北京罗麦日用品有限公司;上海蓝黛日用品有限公司;北京东威创星科技有限公司;《消费日报》;《中国消费者报》;《中国经营报》;《国际商报》;《保健时报》;《中国质量万里行》;《中国商报》
d5047096,合规平台;科联投资诈骗平台;滨海投资诈骗平台;千龙康资产诈骗平台;恒大金融诈骗平台;隆胜达诈骗平台;辉投资诈骗平台;众义金投诈骗平台;惠华裳金融诈骗平台;吉高投资诈骗平台;猴子理财;财富诈骗平台;e企理财;基金有限公司;诈骗平台;杰晴英投资诈骗平台;事平台;中樊信融诈骗平台;资产诈骗平台;万豪资本诈骗平台;美恒财富诈骗平台;博地影投诈骗平台;MA3C26P69F公司;创仁投资诈骗平台;政虹港投资诈骗平台;津联投资诈骗平台;海欣投资诈骗平台;投资诈骗平台;百宜投资诈骗平台;宝诈骗平台;华夏民丰投资诈骗平台;尚菱投资诈骗平台;融金智慧诈骗平台
a2034000,浙江温州李山集团
3b0a11ba,100%
4c0d212c,
d269b48f,城投公司;40%
a56e8419,小平台;互联网借贷信息中介平台;上海软件评测中心
3c67d5a3,学校平台;鸿创益中心
4b60e535,合规平台;网贷之家;运营平台;网贷平台;网贷信息中介平台
dbdff8a4,《按每天量订》
acd8c832,
cc1f41d7,曝光地方交易场所;和讯现货平台;金网安泰公司;金网安泰股权;现货平台;《禁止传销条例》;《我是演说家》;10%;30%;100%;10%;31.5%;100%;10%;5%;15%
bb187141,国际平台
221120fb,
5516106d,数字资产投资者利益最大化存储平台
cb7285ce,
bc75b558,jfx雅加达期货交易所
257ce4e2,积木云;北京布洛城科技有限公司;维权积木云
527bd474,企业股权
c2c4c9e5,
b5c3f973,
e7321214,定期理财;6%;50%;50%;6%
90352282,
093c7338,ut公司
7e3b43ae,浦银安盛基金管理有限公司;浦银安盛微理财;基金管理人浦银安盛基金管理有限公司;基金托管人股份有限公司;《浦银安盛上海清算所高等级优选短期融资券指数证券投资基金招募说明书》;《招募说明书》;《浦银安盛上海清算所高等级优选短期融资券指数证券投资基金基金份额发售公告》;《基金合同》
e05fd60d,曝光infinox平台
9758e69b,48%
0e51b721,i财富平台;互联网公司;P2P平台;路由公司;8%;96%
795687b7,BUC理财;20%
e9e99a26,布局云;预测公司;驱动公司;31%;43%;44%;56%
9eeeaab0,北京博星证券投资顾问有限公司;北京股权;证券投资服务公司;交易中心中原股权
fe292355,浙江杭州理财;杭州理财;金诚集团;投资诈骗集团;诈骗公司
892e13c3,
10274279,10%
672072ef,乐惠app;http://m.weibo.cn/3137506237/4324531491126393
f944e74c,maboyaa平台;投资平台;赛事中心;CFB平台;0.66%;350%;0.66%;1%;2%;30%;60%;18.53%;81.47%;2.27%;97.73%;2%;0.5%;200%;8%;30%;60%
8e43d7da,100%;50.00%;4.85%;100%;100%;100%;65.00%;4.60%;100%;100%
174a8660,佣联盟;http://t.cn/E9z0dyx
604db6f6,上线币夫交易所;上线EXX交易所;上线香港CEO交易所;EthEx交易所;OK子平台;《超级计划》
f0f2ab67,
87f59bf1,Calibra平台;一统世界大公司;家大公司;E公司;《黑客军团》
79b13f9a,《维仕担保有限公司与董海峰追偿权纠纷一审民事判决书》;1.1%
0eb60f0c,
97bf5eb6,SPV公司
e0b86e20,违法平台;上海黄金交易所;代理上海黄金交易所
7edcfb83,北京名潮诚品国际贸易有限公司;http://t.cn/AiO8Vyzm;《名潮优品十元店优质项目不可错过》
09dbcb15,
90d29aaf,国际平台
e7d5aa39,http://t.cn/AijwVGFp
776ab7a8,
006d873e,票据理财;投资理财;个人理财;金融平台;数据平台;蓝丝带车主联盟;传媒平台;《道德经》
60aa0edb,tech和币巴士币新闻资讯平台;澳洲u网平台;个人中心;Bitbitx交易所;空投平台;上线交易双平台;Ebank空投Ebank海外投资平台;投平台;u网平台;bitbitx交易所;http://hob.wswifi.cn/reg/recomucode;https://www.caihong360.com/h5/marketing;https://www.oknc.club/userpre/recomuid;https://ggt.io/DNET/ac5f3372081
17ad3e4d,贷款平台;花花小额贷款平台;0.72%
8ea46ff7,虚构平台;假平台
f9a35f61,
67c7cac2,Vtoken交易所
10c0fa54,40%;10%;10%;40%
89c9abee,
fece9b78,福汇诈骗平台
6e7186e9,杜绝平台;账户平台;全球性平台;学会理财
1976b67f,车主服务消费平台;能源电子商务平台;成品油电商平台;0%;6%;2%;9%;4%;0%;8%;6%;4%;8%;0%;6%;6%;88%;8%;4%;94.8%
ba34f2af,http://t.cn/Ai0dgRyU
cd33c239,http://t.cn/Ai91KAvy
543a9383,
233da315,合规平台;环球平台;曝光平台;方鸿曝光海拓环球平台;海拓环球平台;黑平台
bd5936b6,
ca5e0620,TOP3平台;头部平台;26%;11%
5357579a,
2450670c,国内外汇公司;美国外汇公司;外汇理财;微信平台;合法公司;中国外汇公司;博思外汇投资理财;创业兄弟联盟;100%
b4ef7a9d,P2P平台;标准P2P平台;投资平台;头部平台;网络借贷信息中介平台;《关于启动在京注册P2P网络借贷机构自查工作的补充通知》
c3e84a0b,企业公司;ktv场所
a32fc3ee,利用平台;游戏理财
d428f378,
4d21a2c2,监管黑平台;国外外汇平台;FOREX嘉盛集团;网上投资平台;违法公司;Vegardinternational平台
3a269254,农场模式平台;销售电商平台;一体电商平台;农场app;1%;30%;13%;30%;10%;1%;1%;15%;23%
a44207f7,信用卡app;贷款平台;小额贷款平台;大姐花app;0.05%;0.72%
d3453761,1.42%;1.15%;1.03%;5%
4a4c66db,外汇交易平台
3d4b564d,65.54%;13.64%;12.84%;7.98%
adf44bdc,研发技术中心;运营能力平台;内容平台;作者权益平台
daf37b4a,活期理财;45%
8802902d,借款信息app;0.02%
ff05a0bb,http://t.cn/E9MuBkk
660cf101,反波胆网投平台;ARH77足球投資理财;http://t.cn/Ai95b6on;20%
110bc197,互联网金融行业头部平台;中吉财富平台
8f6f5434,成本公司;路公司;基金公司;文章武汉金丰弘玛生态农业发展有限公司
f86864a2,会员制电商平台
61613518,http://t.cn/E6xCcB4
1666058e,管理集团;双子高登猫咪平台;猫咪游戏平台;成公司;骗子公司;2%;1%;5%;9%;5%;4%;9%;4%;8%;12%;45%
86d9181f,海象理财
f1de2889,
9119a16c,贷款平台;小贷公司;0.72%;10%
e61e91fa,国际usg外汇平台
7f17c040,60%;30%
0810f0d6,韦公司;GEICO公司;培训业务飞安国际公司;保险多元化投资集团;GeneralRe公司;投资理财;中美洲能源公司;糖果公司;鞋业公司;券商平台;中国东霖国际集团;国际顶级公司;东霖国际集团
96746575,上市集团;委托区块链集团;数字货币亚洲国际金融自由贸易区有限公司;导师中国加密数字货币投资理财;亚洲国际金融自由贸易区发展有限公司;码链联盟;投资理财;中国中心;区块链集团;导师枫叶币加密数字货币区块链投资理财;加密数字货币区块链投资理财;中国坪山茶业集团;大仙世界加密数字货币投资理财;20%;1.20%;10%;10%;50%;50%;1%;1%;10%;25%;15%;15%;25%;0.5%;25%;5%;10%;15%
e17355e3,
787a0459,配资平台
0f7d34cf,财富管理公司;20%;20.43%
9fc2295e,借款信息app;0.02%
e8c519c8,能源集团
de5837ab,中心化交易所
a95f073d,5%;2%
30565687,中国移动app;2.5%;35%
47516611,媒体平台
d935f3b2,
ae32c324,
373b929e,智能终端;中心化交易所;工业设备设备物联网平台;xunq交易所;http://suo.im/5f3SPl
403ca208,
d083bf99,
a7848f0f,9%
c74306ea,波场公司;90%;2.647%;10%;24%;200%;20%;30%;24%;200%;300%;100%;1000%;90%
b044367c,数字银行理财;投资平台
294d67c6,
5e4a5750,
c02ec2f3,香港富赢通平台;外汇公司;指数黑平台;经营骗子平台;外汇理财;不法平台;经营外汇保证金业务资质国外骗子公司;套牌监管香港富赢通平台;新西兰公司
b729f265,江苏吉信甘油科技有限公司;钱旺集团;数字版画平台
2e20a3df,专业外汇平台
59279349,10%;1%;3%
c9988ed8,融资咨询股份有限公司;雅堂电商供应链金融平台;隆创业投资有限公司;股份有限公司;互联网金融服务股份有限公司;成都雅堂金融信息服务股份有限公司;互联网金融新闻中心;P2P平台;专业平台;隆创业投资股份有限公司;网贷之家;投资股份有限公司;隆创投主体公司;P2P网贷平台;雅堂集团;成都雅堂投资股份有限公司;融资咨询有限公司;深圳市雅堂金融服务股份有限公司;网贷平台;51%;49%;80%;10%;90%
be9fbe4e,
ec6e5529,
9b6965bf,http://t.cn/AijXyVqU
02603405,CHE链商官方微信公众平台;5%;20%;15%;10%;5%
75670493,有关嘉盛集团;嘉盛集团;IG集团;交易公司;交易巨头IG集团;财年IG集团;客户澳大利亚外汇经纪商艾拓思资本集团;顶级平台;15%;23.1%;11.3%;3.1%;11.3%;15.5%;6.9%;3%;2.16%;45.82%;30%;2%;31%;16%;26%;2%
eb039130,trck数字资产平台;Tether公司;100%
9c04a1a6,劲牌生物医药公司
050df01c,价值理财;高品质金融理财;客户中心;个人理财;智能金融服务平台;互联网金融服务平台;100%
720ac08a,区块链技术制作挖矿app;宝石星球app
e2b5dd1b,传统跨界电商平台;团队公司;跨境电商平台;传统平台;科技有限公司
95b2ed8d,币挖矿联盟;玉米理财;区块链平台;《理财周刊》
f5756468,开业证明罗麦集团;营养食品研究有限公司;规划公司;罗麦平台;代表北京罗麦集团;上海蓝黛日用品有限公司;罗麦集团;北京罗麦科技集团;研发中心;罗麦研发中心;物流有限公司;步入运营中心;北京运营中心;嘉宾上台罗麦科技北京运营中心;上海运营中心;菁英汇;罗麦生物科技研发中心;北京罗麦科技有限公司;北京罗麦日用品有限公司;李金华先生公司;向罗麦科技北京运营中心;运营中心;生物科技研发中心;罗麦科技北京运营中心
827254fe,科技有限公司;传统公司;竞争力股权;北京千佳圆投资金管理有限公司;创业公司
1b7b0544,艺联影视传媒有限公司;诈骗团伙公司
6c7c35d2,环球钱包app;环球微商城app;升级app
f218a071,嘉盛集团;MetaTrader平台
851f90e7,0.15%
1c16c15d,
6b11f1cb,G终端;86%;86%
fbaeec5a,领先电子公司;TDK集团;TDK公司
8ca9dccc,
72ed78a7,
05ea4831,深圳P2P平台;隶属于深圳市信融财富投资管理有限公司;深圳市信融财富投资管理有限公司;P2P平台;《深圳市网络借贷中介机构良性退出指引》;《关于敦促步森股份履行4000万担保代偿义务的公告》;8.87%;6.9%;0.53%
9ce3198b,重庆苏宁小额贷款有限公司;消息中心;苏宁金服集团
ebe4291d,投资管理项目投资公司;宣传平台;p2p公司;昆山摩尔投资管理有限公司
7580bcbe,中首投资管理有限公司;网络公司;《中国好品牌》
02878c28,正宇集团;100%;100%
9b8edd92,客户平台;原平台;B平台;金融科技公司;36%;1000%;50%
ec89ed04,投资理财;游戏理财
7c36f095,创客链创客链DGhtr投资理财
0b31c003,法人项目公司;服务用户中心;战略联盟;项目中心;数字文化广场数据中心;中国北京国际科技产业博览会;数字化产业领域唐冠集团;数字平台;数字化平台;中数信安集团;商务中心;共用共产便民服务平台;工程平台;全国合伙人公司;基层公司;唐冠公司;商务管理有限公司;产业联盟;中数信安公司;社区平台;https://mmbiz.qpic.cn/mmbiz;https://mmbiz.qpic.cn/mmbiz;https://mmbiz.qpic.cn/mmbiz;https://mmbiz.qpic.cn/mmbiz;https://mmbiz.qpic.cn/mmbiz;https://mmbiz.qpic.cn/mmbiz;https://mmbiz.qpic.cn/mmbiz;《中华儿女》;《中数信安年会报告》;《关于推动产业技术创新战略联盟构建的指导意见》;100%;95%;100%;100%;100%;100%;95%;100%;100%;100%;100%;95%;100%;100%;100%;100%;100%;100%;100%;100%;0%;100%;0%;100%;100%;100%;100%;100%;100%;0%;61.8%;0%;38.2%;0%;100%;100%;0%;61.8%;38.2%
6bf649e6,投理财
1cf17970,fxbtg金融集团
85f828ca,办公场所;BENZ投资平台
f2ff185c,商品交易中心;策略红浪策略晋坤农畜交易中心红太阳配资app;个别平台;中州国际期货大赢家策略ATFX平台;万合邦融天府商品交易所;黑平台;兴华配资云
6c9b8dff,17500%;12%;5%
1b9cbd69,产品公司;系统公司;上市公司;10%;5%;10%;80%;20%;6%
8295ecd3,http://t.cn/R1H0JSc;20%;20%
f592dc45,沟通交流平台;数据金融服务平台;企业股权;投融资平台;投融资信息平台;盛铭融资公司;盛铭公司;盛铭投资管理公司;24.5%;3%
652dc1d4,宝点理财;网络理财;宝点网运营中心
122af142,ECO生态币代币平台;ECO生态币挖矿系统平台;90%;10%;30%;5%;30%;30%
bbf69898,诈骗平台
ccf1a80e,公信宝点对点数据交易所;点对点数据交易所
55f8f9b4,选型平台
22ffc922,配资公司;股票配资公司;违规公司;噱头配资公司;股票配资平台;资金平台;违规配资公司;wq99595曝光平台
bc9b5c81,银行理财;领先金融科技公司;用户理财;互联网理财;银行发展中心;比价平台;智能理财;收益理财;技术前沿金融科技公司;哈密市商业银行哈密市商业银行股份有限公司;银行产品投资理财;财数据科技有限公司;业集团;金融云;财平台;5.05%;5.05%;5.00%;87%;7%
cb9c6c17,重点维权平台;郑州肉类商品交易所;监管黑平台;监管机构小平台
52953dad,问市集团;集外汇市场投资陷阱黑平台;监管黑平台;外汇平台;红博集团;HedgeMarket汇;个别平台;投资理财;黑平台;投资平台;伯森资本集团
25920d3b,
b52d10aa,银行理财;国债银行理财;收益理财;保证金理财;充分利用证券账户理财;20%;50%;7%;10%;20%;20%
c22a203c,
a2eda9d9,
d5ea994f,
4ce3c8f5,规范电商平台;线下资源平台;网易云;电商平台;《电子商务法》;100%
3be4f863,设备公司;区块链创业公司
a5806dc0,茶平台
d2875d56,cardiff平台
4b8e0cec,监管黑平台;外汇平台;牛股盈平台;大黑平台;联系平台
3c893c7a,受害人平台;省反诈中心;利用平台;资金投入平台
ac3621eb,http://m.weibo.cn/7057582680/4369692212383532
db31117d,游戏平台;拿币牛交易所;个人中心;全球矿池联盟;币牛交易所;月份上线内置顶级交易所;牛交易所;OCC区块链游戏平台;全球顶尖区块链技术专家交易所;矿池联盟;io创新型交易所;区块链游戏平台;BiClub交易所;com全球矿池联盟
89c0fa1a,曝光平台;维权中心;受害人平台;86%;68%;93%
fec7ca8c,狗平台
67ce9b36,http://t.cn/AiOGA3Rx
10c9aba0,灰色外汇平台;外汇期货平台;贝者平台;比例赠金平台;亏给平台;100%;50%;10%;20%;20%;99.9%
8ead3e03,创富平台
f9aa0e95,实事平台
60a35f2f,投资基金管理有限公司
17a46fb9,生态平台
871b7228,
f01c42be,
90dbcb5b,格局平台;LX国际理财;罗宾逊股份有限公司;证明公司;LX领秀国际公司;金融商业集团;级别云;金币平台;https://www.uslxgj.com/index;《看下图》;100%;25%;50%;6%;6%;2%;52%;7%;7%;3%;54%;8%;8%;4%;56%;9%;9%;5%;58%;10%;10%;5%;60%;10%;12%;5%;0.5%;100100%;0.5%;500100%;0.5%;1000100%;0.5%;3000100%;0.5%;5000100%;0.5%;10000100%;100%;25%;10%;90%;65%;90%;30%;90%;5%;70%;30%;100%;10%;100%
e7dcfbcd,合法平台;四川润通现货业务员平台;时间平台;监管黑平台;四川润通现货平台;受害人平台
7ed5aa77,企业平台
09d29ae1,金融投资理财;精英投资理财;高风险投资收益投资理财;投资理财;深圳双创投资有限公司;同类投资理财
97b60f42,形式手机版app;形式理财;70%;90%
e0b13fd4,
79b86e6e,
0ebf5ef8,
9e004369,网络购物平台;安徽梦泰网络技术有限公司
e90773ff,投资理财;寰玥财富投资理财;http://t.cn/E4AcVGW
df9a5d9c,外汇开户公司;外汇平台;MT5桥接平台;监管平台;优质平台;澳大利亚监管平台;ECN平台;类型平台;外汇公司;赌平台;桥接平台;黑平台;MT5平台;监管外汇公司;监管外汇平台;FCA监管外汇公司;STP平台;研发JAVA平台;银行理财;FCA监管平台;做市商平台;100%;30%;10%
a89d6d0a,
31943cb0,
46930c26,信用卡app;贷款平台;小额贷款平台;任乐花app;0.05%;0.72%
d8f79985,《解密永动计划核心赚钱模式》;《永动计划》
aff0a913,香港B网传统交易所;技术团队FCoin交易所;公关公司;项目上线交易所;币FT价值生态交易所;FCoin交易所;https://www.fcoin.com/FCoin;https://t.me/fcoinofficial;80%
36f9f8a9,
41fec83f,学会理财;投资理财;个人理财;投资公司;靠谱理财;互联网金融交易模式平台;国内领先金融理财;互联网金融平台;投资有限公司;宝平台
d141d5ae,名词理财;土肥肥金融联盟;金融帝国集团;800%
a646e538,http://t.cn/EXCJ4qT;《润通现货优势解析》;16%;32%
c6816cdd,河南保税物流中心;贸易有限公司;主体贸易公司;全民外贸主体公司;实属理财;三益公司;《售后承诺书》;《服务模式公告》;1.2%;15%
b1865c4b,http://m.weibo.cn/2663982955/4361450112041821
288f0df1,http://t.cn/EcIYs5K
5f883d67,个人账户中心;ETH智能合约平台;区块链应用平台;android终端;价值平台;《主网投票规则》;25%;50%
c1eca8c4,19.69%;46.33%;4.95%;71.74%;30%;71.45%;10%;1%;10%;32.11%;71.45%;65.99%;14.28%;8.17%;62.27%;62.27%
b6eb9852,网站全自动挂机平台;地打码平台;16%;22%
2fe2c9e8,
58e5f97e,ADM社群联盟;ADM模式平台
c85ae4ef,联贝德区块链应用公众平台;联贝德研发中心;http://m.weibo.cn/6357578684/4265560620966203
bf5dd479,NFA0513641对应平台;外汇平台;金融投资公司;黑平台;安凯国际AKFX平台
edac3f1e,
9aab0f88,
03a25e32,
74a56ea4,
eac1fb07,
9dc6cb91,浪莎集团;运营中心;零售平台;技术中心;招商中心;中国微商博览会;微金石理财;萧山经济技术开发区亚运版块中心;商学院院长思埠集团;四大平台;杭州场景科技谷运营管理有限公司;修正集团;产业生态平台
04cf9a2b,http://t.cn/E69eWd7;《SHE闪链全球晚宴于4月9日在成都举行》
73c8aabd,全产品线销售平台;综合互联网价值平台
e377b72c,金融衍生品交易所;全球竞争力世界一流金融期货交易所;全球竞争力一流金融期货交易所;现存一共四大期货交易所;中国金融期货交易所;《中国外汇》;0.8%;13.09%
947087ba,合法平台;个别平台
f4b70e5f,
83b03ec9,青岛九州邮币卡诈骗平台
1ab96f73,基金管理人名称银华基金管理股份有限公司;公告解释权归本公司;银华基金管理股份有限公司;《银华汇利灵活配置混合型证券投资基金基金合同》;《银华汇利灵活配置混合型证券投资基金招募说明书》
6dbe5fe5,款工银理财;投资理财;8.50%;16.97%;22.88%;40%;42.44%;36%;30%;19%
f3daca46,环球外汇平台;宏公司
84ddfad0,蚕农乐园平台;蚕农乐园理财;智能理财;8%;6%;4%;1%;1%;0.5%;30%;30%
1dd4ab6a,智慧产业研究中心;http://t.cn/EPoJlnp
6ad39bfc,90%
fa6c866d,专业互联网金融服务公司;普惠理财;专家目标普惠理财
8d6bb6fb,诈骗公司;骗子公司
732f1290,https://www.ysslc.com/caijing/guancha;1%;2%
04282206,应用平台;潜力数字内容播放器平台;数字内容落地应用音频内容平台;103%
9d2173bc,
ea26432a,VVBTC交易所;Bakkt数字货币交易所;22%;142%
7442d689,iforex外汇交易有限公司
0345e61f,http://t.cn/E6cLoJI
9a4cb7a5,
ed4b8733,微商城平台;10%;5%;10%
7df49aa2,火币泰国交易所;火币云;http://m.weibo.cn/6567461310/4397629482172060
0af3aa34,本金本土化公司;账户电脑终端;交易情况本土公司;P2P理财;3%;36%;60%;150%;30%;5%;5%
6a3423d1,《币世界》
1d331347,
843a42fd,
f33d726b,网络借贷信息中介平台
6d59e7c8,0.8%;0.5%
1a5ed75e,旗下运营金吉利宝互联网金融服务平台;上海汴盛金融信息服务有限公司;资产供应链资产公司;文化发展有限公司;用户短期投资理财;用户中心;中国文化传媒集团;70%
835786e4,http://t.cn/EfQx39W;《BFH拆分盘的优势》
f450b672,bedrockforex平台
64efabe3,
13e89b75,民商联盟;民联商城经营者民商联盟
a6920cf9,监管江苏大圆银泰商品合约市场有限公司;http://m.weibo.cn/6170469331/4387425264844473
